<?xml version="1.0" encoding="UTF-8" standalone="no" ?>
<COLLADA version="1.4.1" xmlns="http://www.collada.org/2005/11/COLLADASchema">

  <asset>
    <contributor>
      <authoring_tool>ONSHAPE BY PTC INC, 1.211</authoring_tool>
    </contributor>
    <created>2026-03-09T12:51:33</created>
    <modified>2026-03-09T12:51:33</modified>
    <unit meter="1" name="meters"/>
    <up_axis>Z_UP</up_axis>
  </asset>

  <library_materials>
    <material id="ID9" name="ID9">
      <instance_effect url="#ID9-fx"/>
    </material>
  </library_materials>

  <library_effects>
    <effect id="ID9-fx" name="ID9">
      <profile_COMMON>
        <technique sid="COMMON">
          <lambert>
            <diffuse>
              <color sid="diffuse">0.913725 0.913725 0.913725 1</color>
            </diffuse>
            <transparent opaque="A_ONE">
              <color sid="transparent">1 1 1 1</color>
            </transparent>
            <transparency>
              <float sid="transparency">1</float>
            </transparency>
          </lambert>
        </technique>
        <extra>
          <technique profile="OTHER">
            <double_sided>1</double_sided>
          </technique>
        </extra>
      </profile_COMMON>
    </effect>
  </library_effects>

  <library_geometries>
    <geometry id="ID3">
      <mesh>
        <source id="ID4">
          <float_array count="8133" id="ID5">-0.04442 0.0227923 0.035 -0.0299507 0.0338763 0.035 -0.0377705 0.0373537 0.035 0.0751254 0.0430632 0.035 0.0676922 0.0431779 0.035 0.074523 0.0415084 0.035 0.0556062 0.0309316 0.035 0.0377705 0.0373537 0.035 0.0497787 0.0271865 0.035 0.0133246 -0.029643 0.035 0.00711908 -0.0281126 0.035 0.00814964 -0.0314616 0.035 0.0609141 -0.0547559 0.035 0.0636492 -0.0487937 0.035 0.0595045 -0.0538653 0.035 0.0609141 0.0547559 0.035 0.0595045 0.0538653 0.035 0.0633721 0.0485943 0.035 0.0740654 0.0510999 0.035 0.0667975 0.0491108 0.035 0.0748131 0.0496095 0.035 0.0748131 -0.0496095 0.035 0.0671087 -0.0489707 0.035 0.0740654 -0.0510999 0.035 0.0751254 -0.0430632 0.035 0.0689917 -0.046063 0.035 0.0754611 -0.0446964 0.035 0.067398 0.0557105 0.035 0.0657397 0.055884 0.035 0.0624521 0.0553999 0.035 0.0683249 -0.036284 0.035 0.0639556 -0.0428016 0.035 0.0674152 -0.0429785 0.035 0.0451824 -0.0417133 0.035 0.0555795 -0.0309161 0.035 0.0377705 -0.0373537 0.035 0.0753028 0.0480157 0.035 0.0689575 0.0464026 0.035 0.0755208 0.0463627 0.035 0.0725921 0.0388039 0.035 0.0713172 0.0377293 0.035 0.0736707 0.0400754 0.035 -0.0324294 0.00214148 0.035 -0.0324294 -0.00214148 0.035 -0.029 1.83697e-18 0.035 0.0196412 -0.021336 0.035 0.0158615 -0.0242778 0.035 0.0217642 -0.0312905 0.035 0.0730805 0.0524452 0.035 0.0753028 -0.0480157 0.035 0.0657397 -0.055884 0.035 0.067398 -0.0557105 0.035 0.0640756 0.0557795 0.035 0.0520131 0.0468463 0.035 0.0582625 0.0527529 0.035 0.0640756 -0.0557795 0.035 0.0718858 -0.0536083 0.035 0.0730805 -0.0524452 0.035 0.0690045 0.0552639 0.035 0.0705144 0.0545566 0.035 0.0718858 0.0536083 0.035 0.0754611 0.0446964 0.035 0.0698815 0.0368815 0.035 0.0642668 0.0426614 0.035 0.0617942 0.0339675 0.035 0.0683249 0.036284 0.035 0.0451477 0.0416915 0.035 0.0217642 0.0312905 0.035 0.0158615 0.0242778 0.035 0.0196412 0.021336 0.035 0.0299129 0.0338607 0.035 0.0444319 0.022802 0.035 0.0396265 0.0178343 0.035 0.0133246 0.029643 0.035 0.00711908 0.0281126 0.035 0.0116492 0.0265574 0.035 -0.0133246 0.029643 0.035 -0.00711908 0.0281126 0.035 -0.00814964 0.0314616 0.035 -0.0023948 0.0289009 0.035 -0.00274259 0.0323841 0.035 -0.0158615 0.0242778 0.035 -0.0116492 0.0265574 0.035 0.00274259 0.0323841 0.035 0.0023948 0.0289009 0.035 -0.0217642 0.0312905 0.035 -0.0196412 0.021336 0.035 -0.0639556 0.0428016 0.035 -0.0674152 0.0429785 0.035 -0.0683249 0.036284 0.035 -0.0754611 0.0446964 0.035 -0.0751254 0.0430632 0.035 -0.0689917 0.046063 0.035 -0.0755208 0.0463627 0.035 -0.0671087 0.0489707 0.035 -0.0730805 0.0524452 0.035 -0.0740654 0.0510999 0.035 -0.0748131 0.0496095 0.035 -0.0705144 0.0545566 0.035 -0.0718858 0.0536083 0.035 -0.067398 0.0557105 0.035 -0.0690045 0.0552639 0.035 -0.0657397 0.055884 0.035 -0.0624521 0.0553999 0.035 -0.0640756 0.0557795 0.035 -0.0636492 0.0487937 0.035 -0.0609141 0.0547559 0.035 -0.074523 0.0415084 0.035 -0.0753028 0.0480157 0.035 -0.0736707 0.0400754 0.035 -0.0725921 0.0388039 0.035 -0.0698815 0.0368815 0.035 -0.0713172 0.0377293 0.035 -0.0617942 0.0339675 0.035 -0.0668799 -0.0426949 0.035 -0.0725921 -0.0388039 0.035 -0.0736707 -0.0400754 0.035 -0.0713172 -0.0377293 0.035 -0.0451824 0.0417133 0.035 -0.0520131 0.0468463 0.035 -0.0620726 0.0457092 0.035 -0.0555795 0.0309161 0.035 -0.0255047 0.0138025 0.035 -0.0354169 0.0123377 0.035 -0.0274287 0.00941628 0.035 -0.0497668 0.0271768 0.035 -0.0396061 0.0178112 0.035 -0.0228851 0.0178122 0.035 -0.0286045 0.00477324 0.035 -0.0318662 0.00638725 0.035 -0.0286045 -0.00477324 0.035 -0.00711908 -0.0281126 0.035 -0.00814964 -0.0314616 0.035 -0.0023948 -0.0289009 0.035 0.029 -7.49014e-18 0.035 0.0286045 -0.00477324 0.035 0.0324294 -0.00214148 0.035 -0.0196412 -0.021336 0.035 -0.0217642 -0.0312905 0.035 -0.0158615 -0.0242778 0.035 -0.0377705 -0.0373537 0.035 -0.0497787 -0.0271865 0.035 -0.0556062 -0.0309316 0.035 -0.0299129 -0.0338607 0.035 -0.0444319 -0.022802 0.035 -0.0640756 -0.0557795 0.035 -0.0624521 -0.0553999 0.035 -0.0641844 -0.0490773 0.035 -0.0730805 -0.0524452 0.035 -0.0676219 -0.0486489 0.035 -0.0740654 -0.0510999 0.035 -0.0751254 -0.0430632 0.035 -0.0754611 -0.0446964 0.035 -0.0689697 -0.0454577 0.035 -0.0753028 -0.0480157 0.035 -0.0748131 -0.0496095 0.035 -0.074523 -0.0415084 0.035 -0.0582625 -0.0527529 0.035 -0.0620947 -0.0463145 0.035 -0.0718858 -0.0536083 0.035 -0.0609141 -0.0547559 0.035 -0.067398 -0.0557105 0.035 -0.0657397 -0.055884 0.035 -0.0595045 -0.0538653 0.035 -0.0690045 -0.0552639 0.035 -0.0705144 -0.0545566 0.035 0.0624521 -0.0553999 0.035 -0.0755208 -0.0463627 0.035 -0.0698815 -0.0368815 0.035 -0.0634424 -0.0431234 0.035 -0.0451477 -0.0416915 0.035 -0.0617942 -0.0339675 0.035 -0.0683249 -0.036284 0.035 -0.0116492 -0.0265574 0.035 -0.0133246 -0.029643 0.035 -0.0396265 -0.0178343 0.035 0.0116492 -0.0265574 0.035 0.0023948 -0.0289009 0.035 0.00274259 -0.0323841 0.035 -0.00274259 -0.0323841 0.035 0.0299507 -0.0338763 0.035 0.04442 -0.0227923 0.035 0.0228851 -0.0178122 0.035 0.0396061 -0.0178112 0.035 0.0705144 -0.0545566 0.035 0.0690045 -0.0552639 0.035 0.0755208 -0.0463627 0.035 0.0713172 -0.0377293 0.035 0.0725921 -0.0388039 0.035 0.074523 -0.0415084 0.035 0.0736707 -0.0400754 0.035 0.0698815 -0.0368815 0.035 0.0582625 -0.0527529 0.035 0.0620726 -0.0457092 0.035 0.0520131 -0.0468463 0.035 0.0497668 -0.0271768 0.035 0.0617942 -0.0339675 0.035 0.0274287 -0.00941628 0.035 0.0255047 -0.0138025 0.035 0.0354169 -0.0123377 0.035 0.0318662 -0.00638725 0.035 -0.0318662 -0.00638725 0.035 -0.0274287 -0.00941628 0.035 -0.0354169 -0.0123377 0.035 -0.0255047 -0.0138025 0.035 0.00814964 0.0314616 0.035 0.0621068 0.0453696 0.035 0.0324294 0.00214148 0.035 0.0318662 0.00638725 0.035 0.0286045 0.00477324 0.035 -0.0228851 -0.0178122 0.035 0.0354169 0.0123377 0.035 0.0255047 0.0138025 0.035 0.0274287 0.00941628 0.035 0.0228851 0.0178122 0.035 -0.0520131 -0.0468463 0.035 -0.0582625 0.0527529 0.035 -0.0595045 0.0538653 0.035 0.00247738 -0.0298975 0.003 -0.00247738 -0.0298975 0.003 -0.00247738 -0.0298975 0.019 0.03 1.88336e-17 0.019 0.0295908 0.00493784 0.003 0.03 1.88336e-17 0.003 -0.00736456 -0.029082 0.003 -0.00736456 -0.029082 0.019 -0.0120509 -0.0274732 0.019 -0.0120509 -0.0274732 0.003 -0.0164084 -0.025115 0.003 -0.0164084 -0.025115 0.019 -0.0203184 -0.0220717 0.003 -0.0203184 -0.0220717 0.019 -0.0236742 -0.0184264 0.019 -0.0236742 -0.0184264 0.003 -0.0263842 -0.0142784 0.003 -0.0263842 -0.0142784 0.019 -0.0283745 -0.00974098 0.003 -0.0283745 -0.00974098 0.019 -0.0295908 -0.00493784 0.019 -0.0295908 -0.00493784 0.003 -0.03 -3.21563e-17 0.019 -0.03 -3.21563e-17 0.003 0.00247738 -0.0298975 0.019 0.00736456 -0.029082 0.003 0.00736456 -0.029082 0.019 0.0120509 -0.0274732 0.019 0.0120509 -0.0274732 0.003 0.0164084 -0.025115 0.019 0.0164084 -0.025115 0.003 0.0203184 -0.0220717 0.003 0.0203184 -0.0220717 0.019 0.0236742 -0.0184264 0.019 0.0236742 -0.0184264 0.003 0.0263842 -0.0142784 0.019 0.0263842 -0.0142784 0.003 0.0283745 -0.00974098 0.003 0.0283745 -0.00974098 0.019 0.0295908 -0.00493784 0.019 0.0295908 -0.00493784 0.003 0.0283755 0.00973636 0.019 0.0283745 0.00974098 0.003 0.0295906 0.00493921 0.019 0.0203244 0.0220651 0.019 0.0203184 0.0220717 0.003 0.0236784 0.0184197 0.019 0.0263867 0.0142724 0.019 0.0236742 0.0184264 0.003 0.0263842 0.0142784 0.003 0.0120597 0.0274684 0.019 0.00737425 0.0290788 0.019 0.00736456 0.029082 0.003 0.0164084 0.025115 0.003 0.016416 0.025109 0.019 0.0120509 0.0274732 0.003 -0.00736456 0.029082 0.003 -0.00246763 0.0298977 0.019 -0.00735554 0.0290838 0.019 -0.00247738 0.0298975 0.003 0.00247738 0.0298975 0.003 0.00248736 0.029896 0.019 -0.0203135 0.022076 0.019 -0.0203184 0.0220717 0.003 -0.016402 0.0251189 0.019 -0.012043 0.0274762 0.019 -0.0164084 0.025115 0.003 -0.0120509 0.0274732 0.003 -0.0263842 0.0142784 0.003 -0.0236742 0.0184264 0.003 -0.0236708 0.0184305 0.019 -0.0263822 0.014282 0.019 -0.0283745 0.00974098 0.003 -0.0283736 0.00974358 0.019 -0.0295908 0.00493784 0.003 -0.0295906 0.00493921 0.019 -0.0160551 0.0217079 0 0.0235714 -0.0131678 0 -0.0121555 0.024109 0 0.021007 0.0169619 0 0.0141563 0.0229913 0 0.0235714 0.0131678 0 0.0178382 0.0202682 0 0.0254577 0.00899477 0 0.0100671 0.025053 0 0.00568834 0.026394 0 0.0266116 0.00456302 0 0.00114591 0.0269757 0 0.027 1.83697e-18 0 -0.00790621 0.0258165 0 0.0254577 -0.00899477 0 0.0266116 -0.00456302 0 -0.00342948 0.0267813 0 -0.0223698 0.0151193 0 -0.0246032 0.0111213 0 0.0141563 -0.0229913 0 0.0178382 -0.0202682 0 0.021007 -0.0169619 0 -0.0194928 0.0186823 0 -0.0261288 0.00680341 0 0.00568834 -0.026394 0 0.0100671 -0.025053 0 -0.0261288 -0.00680341 0 -0.00790621 -0.0258165 0 -0.00342948 -0.0267813 0 -0.0269027 -0.00228976 0 0.00114591 -0.0269757 0 -0.0269027 0.00228976 0 -0.0223698 -0.0151193 0 -0.0194928 -0.0186823 0 -0.0160551 -0.0217079 0 -0.0121555 -0.024109 0 -0.0246032 -0.0111213 0 -0.0286597 -0.0024393 0.000572949 -0.0290164 -0.00246966 0.00087868 -0.0281817 -0.00733793 0.00087868 0.0247604 0.013832 0.00032698 0.0223789 0.0180697 0.000572949 0.0220666 0.0178176 0.00032698 -0.0265362 -0.0119951 0.00087868 -0.0278352 -0.00724773 0.000572949 -0.0282598 -0.00240526 0.00032698 -0.02621 -0.0118477 0.000572949 -0.0238307 -0.0161068 0.000572949 -0.0258442 -0.0116823 0.00032698 -0.0274468 -0.00714659 0.00032698 -0.0207659 -0.0199025 0.000572949 -0.0234982 -0.015882 0.00032698 -0.0241273 -0.0163072 0.00087868 -0.0210243 -0.0201502 0.00087868 -0.0171036 -0.0231257 0.000572949 -0.0204761 -0.0196248 0.00032698 -0.0173165 -0.0234135 0.00087868 -0.016865 -0.0228029 0.00032698 -0.0129494 -0.0256835 0.000572949 -0.0131105 -0.0260032 0.00087868 0.0196042 -0.0222747 0.00163803 0.0232268 -0.0187544 0.00207295 0.0230867 -0.0186412 0.00163803 -0.00852739 -0.0278448 0.00087868 -0.00365346 -0.0285304 0.000572949 -0.00830503 -0.0271188 0.00032698 -0.00842257 -0.0275026 0.000572949 -0.00369893 -0.0288855 0.00087868 -0.00360248 -0.0281323 0.00032698 0.00122075 -0.0287374 0.000572949 0.00123594 -0.0290951 0.00087868 0.0295321 -0.00506378 0.0025307 0.0295908 -0.00493784 0.003 0.03 1.88336e-17 0.003 0.0107246 -0.0266892 0.000572949 0.0150808 -0.0244928 0.000572949 0.0105749 -0.0263168 0.00032698 0.0108581 -0.0270214 0.00087868 0.0154288 -0.025058 0.00123664 0.0152685 -0.0247977 0.00087868 0.0261582 -0.0146128 0.0025307 0.0282515 -0.00998189 0.0025307 0.0260622 -0.0145592 0.00207295 -0.0127687 -0.0253251 0.00032698 0.0283745 -0.00974098 0.003 0.0233123 -0.0188234 0.0025307 0.0109721 -0.027305 0.00123664 0.0155578 -0.0252674 0.00163803 0.00619967 -0.0287666 0.00123664 0.0110638 -0.0275333 0.00163803 0.00613526 -0.0284677 0.00087868 0.00597528 -0.0277254 0.00032698 0.00605984 -0.0281178 0.000572949 0.0148704 -0.024151 0.00032698 0.0239811 -0.0133966 3.6935e-05 0.0263318 -0.00930361 0.00014683 0.0259002 -0.00915112 3.6935e-05 0.018738 -0.0212905 0.00032698 0.0223789 -0.0180697 0.000572949 0.0220666 -0.0178176 0.00032698 0.0178382 -0.0202682 0 0.0181483 -0.0206204 3.6935e-05 0.0213721 -0.0172568 3.6935e-05 0.0279271 4.85918e-17 0.00014683 0.0274693 4.87835e-17 3.6935e-05 0.0270742 -0.00464233 3.6935e-05 0.0275253 -0.00471969 0.00014683 0.0266116 -0.00456302 0 0.027 1.83697e-18 0 -0.0282598 0.00240526 0.00032698 -0.0286597 0.0024393 0.000572949 -0.0274468 0.00714659 0.00032698 -0.0278352 0.00724773 0.000572949 -0.0290164 0.00246966 0.00087868 -0.0258442 0.0116823 0.00032698 -0.02621 0.0118477 0.000572949 -0.0281817 0.00733793 0.00087868 -0.0238307 0.0161068 0.000572949 -0.0234982 0.015882 0.00032698 -0.0265362 0.0119951 0.00087868 -0.0241273 0.0163072 0.00087868 -0.0210243 0.0201502 0.00087868 -0.0207659 0.0199025 0.000572949 -0.0204761 0.0196248 0.00032698 -0.0171036 0.0231257 0.000572949 -0.0173165 0.0234135 0.00087868 -0.016865 0.0228029 0.00032698 -0.0131105 0.0260032 0.00087868 -0.0129494 0.0256835 0.000572949 -0.0127687 0.0253251 0.00032698 -0.00842257 0.0275026 0.000572949 -0.00852739 0.0278448 0.00087868 -0.00830503 0.0271188 0.00032698 -0.00365346 0.0285304 0.000572949 -0.00369893 0.0288855 0.00087868 -0.00360248 0.0281323 0.00032698 0.00120372 0.0283364 0.00032698 0.00122075 0.0287374 0.000572949 0.00123594 0.0290951 0.00087868 0.00605984 0.0281178 0.000572949 0.00597528 0.0277254 0.00032698 0.0105749 0.0263168 0.00032698 0.0107246 0.0266892 0.000572949 0.0148704 0.024151 0.00032698 0.0150808 0.0244928 0.000572949 0.0190032 0.0215919 0.000572949 0.018738 0.0212905 0.00032698 0.0251108 0.0140277 0.000572949 0.0267419 0.0094485 0.00032698 0.0271203 0.00958222 0.000572949 0.0283496 0.00486103 0.000572949 0.027954 0.0047932 0.00032698 0.0287634 4.79855e-17 0.000572949 0.0287024 0.00492153 0.00087868 0.0292462 0.00501476 0.00163803 0.0290038 0.0049732 0.00123664 0.0294271 4.69976e-17 0.00123664 0.0291213 4.75441e-17 0.00087868 0.029673 4.63401e-17 0.00163803 0.0294238 0.00504521 0.00207295 0.0298532 4.5569e-17 0.00207295 0.0295321 0.00506378 0.0025307 0.028362 4.83307e-17 0.00032698 0.0299631 4.46849e-17 0.0025307 0.0295908 0.00493784 0.003 0.0275253 0.00471969 0.00014683 0.0270742 0.00464233 3.6935e-05 0.00120372 -0.0283364 0.00032698 0.021007 -0.0169619 0 0.0266116 0.00456302 0 0.0259002 0.00915112 3.6935e-05 0.0254577 0.00899477 0 0.0239811 0.0133966 3.6935e-05 0.0235714 0.0131678 0 0.0263318 0.00930361 0.00014683 0.027978 0.00988526 0.00163803 0.0277461 0.00980332 0.00123664 0.0281479 0.00994528 0.00207295 0.0274578 0.00970147 0.00087868 0.0282515 0.00998189 0.0025307 0.0283745 0.00974098 0.003 0.0213721 0.0172568 3.6935e-05 0.021007 0.0169619 0 0.0243807 0.0136199 0.00014683 0.0256902 0.0143514 0.00123664 0.025905 0.0144714 0.00163803 0.0260622 0.0145592 0.00207295 0.0254233 0.0142023 0.00087868 0.0261582 0.0146128 0.0025307 0.0263842 0.0142784 0.003 0.0181483 0.0206204 3.6935e-05 0.0178382 0.0202682 0 0.0217282 0.0175443 0.00014683 0.0228953 0.0184867 0.00123664 0.0230867 0.0186412 0.00163803 0.0232268 0.0187544 0.00207295 0.0226574 0.0182946 0.00087868 0.0233123 0.0188234 0.0025307 0.0236742 0.0184264 0.003 0.0144024 0.0233909 3.6935e-05 0.0141563 0.0229913 0 -0.00342948 0.0267813 0 -0.00804364 0.0262652 3.6935e-05 -0.00790621 0.0258165 0 0.0184507 0.0209641 0.00014683 0.0194417 0.0220901 0.00123664 0.0196042 0.0222747 0.00163803 0.0197232 0.0224099 0.00207295 0.0192397 0.0218606 0.00087868 0.0197958 0.0224924 0.0025307 0.0203184 0.0220717 0.003 0.0102421 0.0254885 3.6935e-05 0.0100671 0.025053 0 0.0146424 0.0237807 0.00014683 0.0154288 0.025058 0.00123664 0.0155578 0.0252674 0.00163803 0.0156522 0.0254208 0.00207295 0.0152685 0.0247977 0.00087868 0.0157099 0.0255144 0.0025307 0.0164084 0.025115 0.003 0.00578721 0.0268528 3.6935e-05 0.0104128 0.0259132 0.00014683 0.0109721 0.027305 0.00123664 0.0110638 0.0275333 0.00163803 0.0111309 0.0277004 0.00207295 0.0108581 0.0270214 0.00087868 0.0111719 0.0278024 0.0025307 0.0120509 0.0274732 0.003 0.00568834 0.026394 0 0.00116583 0.0274446 3.6935e-05 0.00588365 0.0273002 0.00014683 0.00619967 0.0287666 0.00123664 0.00625149 0.029007 0.00163803 0.00125936 0.0296463 0.00163803 0.00613526 0.0284677 0.00087868 0.0063126 0.0292906 0.0025307 0.00628944 0.0291831 0.00207295 0.00736456 0.029082 0.003 0.00114591 0.0269757 0 -0.00348909 0.0272468 3.6935e-05 0.00118526 0.0279019 0.00014683 0.00124892 0.0294005 0.00123664 -0.003769 0.0294327 0.00163803 0.00127167 0.0299361 0.0025307 0.001267 0.0298263 0.00207295 0.00247738 0.0298975 0.003 -0.0160551 0.0217079 0 -0.0121555 0.024109 0 -0.0163342 0.0220852 3.6935e-05 -0.00354723 0.0277009 0.00014683 -0.00373776 0.0291887 0.00123664 -0.00868894 0.0283724 0.00163803 -0.00380584 0.0297204 0.0025307 -0.00379188 0.0296114 0.00207295 -0.00247738 0.0298975 0.003 -0.0123668 0.0245281 3.6935e-05 -0.00817768 0.0267029 0.00014683 -0.00861691 0.0281372 0.00123664 -0.0133589 0.0264958 0.00163803 -0.00877387 0.0286497 0.0025307 -0.00874169 0.0285446 0.00207295 -0.00736456 0.029082 0.003 -0.0223698 0.0151193 0 -0.0250308 0.0113146 3.6935e-05 -0.0246032 0.0111213 0 -0.0198316 0.0190071 3.6935e-05 -0.0194928 0.0186823 0 -0.0125729 0.0249368 0.00014683 -0.0132482 0.0262762 0.00123664 -0.0176446 0.023857 0.00163803 -0.0134895 0.0267548 0.0025307 -0.01344 0.0266567 0.00207295 -0.0120509 0.0274732 0.003 -0.0166064 0.0224533 0.00014683 -0.0174983 0.0236593 0.00123664 -0.0214226 0.0205319 0.00163803 -0.017817 0.0240902 0.0025307 -0.0177517 0.0240019 0.00207295 -0.0164084 0.025115 0.003 -0.0273703 0.00232956 3.6935e-05 -0.0269027 0.00228976 0 -0.0261288 0.00680341 0 -0.0201621 0.0193238 0.00014683 -0.021245 0.0203617 0.00123664 -0.0245844 0.0166161 0.00163803 -0.021632 0.0207326 0.0025307 -0.0215527 0.0206566 0.00207295 -0.0203184 0.0220717 0.003 -0.0227586 0.0153821 3.6935e-05 -0.0231378 0.0156384 0.00014683 -0.0243806 0.0164784 0.00123664 -0.0270389 0.0122224 0.00163803 -0.0236742 0.0184264 0.003 -0.0248247 0.0167786 0.0025307 -0.0247336 0.016717 0.00207295 -0.026583 -0.00692166 3.6935e-05 -0.0261288 -0.00680341 0 -0.0269027 -0.00228976 0 -0.0254479 0.0115032 0.00014683 -0.0268148 0.012121 0.00123664 -0.0287156 0.00747695 0.00163803 -0.0263842 0.0142784 0.003 -0.0273032 0.0123418 0.0025307 -0.0272031 0.0122966 0.00207295 -0.026583 0.00692166 3.6935e-05 -0.0270259 0.007037 0.00014683 -0.0284775 0.00741497 0.00123664 -0.0295661 0.00251645 0.00163803 -0.0283745 0.00974098 0.003 -0.0289962 0.00755004 0.0025307 -0.0288899 0.00752234 0.00207295 -0.0273703 -0.00232956 3.6935e-05 -0.0278264 0.00236838 0.00014683 -0.0297456 0.00253173 0.00207295 -0.0295661 -0.00251645 0.00163803 -0.029321 0.00249559 0.00123664 -0.0295908 0.00493784 0.003 -0.0298551 0.00254105 0.0025307 -0.0194928 -0.0186823 0 -0.0223698 -0.0151193 0 -0.0198316 -0.0190071 3.6935e-05 -0.0250308 -0.0113146 3.6935e-05 -0.0246032 -0.0111213 0 -0.0278264 -0.00236838 0.00014683 -0.0297456 -0.00253173 0.00207295 -0.0287156 -0.00747695 0.00163803 -0.029321 -0.00249559 0.00123664 -0.03 -3.21563e-17 0.003 -0.0298551 -0.00254105 0.0025307 -0.0270259 -0.007037 0.00014683 -0.0288899 -0.00752234 0.00207295 -0.0270389 -0.0122224 0.00163803 -0.0284775 -0.00741497 0.00123664 -0.0295908 -0.00493784 0.003 -0.0289962 -0.00755004 0.0025307 -0.0227586 -0.0153821 3.6935e-05 -0.0254479 -0.0115032 0.00014683 -0.0272031 -0.0122966 0.00207295 -0.0245844 -0.0166161 0.00163803 -0.0268148 -0.012121 0.00123664 -0.0283745 -0.00974098 0.003 -0.0273032 -0.0123418 0.0025307 -0.0163342 -0.0220852 3.6935e-05 -0.0160551 -0.0217079 0 -0.0231378 -0.0156384 0.00014683 -0.0247336 -0.016717 0.00207295 -0.0214226 -0.0205319 0.00163803 -0.0243806 -0.0164784 0.00123664 -0.0263842 -0.0142784 0.003 -0.0248247 -0.0167786 0.0025307 -0.00348909 -0.0272468 3.6935e-05 -0.00342948 -0.0267813 0 -0.00790621 -0.0258165 0 -0.0123668 -0.0245281 3.6935e-05 -0.0121555 -0.024109 0 -0.0201621 -0.0193238 0.00014683 -0.0215527 -0.0206566 0.00207295 -0.0176446 -0.023857 0.00163803 -0.021245 -0.0203617 0.00123664 -0.0236742 -0.0184264 0.003 -0.021632 -0.0207326 0.0025307 -0.0166064 -0.0224533 0.00014683 -0.0177517 -0.0240019 0.00207295 -0.0133589 -0.0264958 0.00163803 -0.0174983 -0.0236593 0.00123664 -0.0203184 -0.0220717 0.003 -0.017817 -0.0240902 0.0025307 -0.00804364 -0.0262652 3.6935e-05 -0.0125729 -0.0249368 0.00014683 -0.01344 -0.0266567 0.00207295 -0.00868894 -0.0283724 0.00163803 -0.0132482 -0.0262762 0.00123664 -0.0164084 -0.025115 0.003 -0.0134895 -0.0267548 0.0025307 0.0100671 -0.025053 0 0.0144024 -0.0233909 3.6935e-05 0.0141563 -0.0229913 0 0.00116583 -0.0274446 3.6935e-05 0.00114591 -0.0269757 0 -0.00817768 -0.0267029 0.00014683 -0.00874169 -0.0285446 0.00207295 -0.003769 -0.0294327 0.00163803 -0.00861691 -0.0281372 0.00123664 -0.0120509 -0.0274732 0.003 -0.00877387 -0.0286497 0.0025307 -0.00354723 -0.0277009 0.00014683 -0.00379188 -0.0296114 0.00207295 0.00125936 -0.0296463 0.00163803 -0.00373776 -0.0291887 0.00123664 -0.00736456 -0.029082 0.003 -0.00380584 -0.0297204 0.0025307 0.00578721 -0.0268528 3.6935e-05 0.00118526 -0.0279019 0.00014683 0.001267 -0.0298263 0.00207295 0.00625149 -0.029007 0.00163803 0.00124892 -0.0294005 0.00123664 -0.00247738 -0.0298975 0.003 0.00127167 -0.0299361 0.0025307 0.00568834 -0.026394 0 0.0102421 -0.0254885 3.6935e-05 0.00588365 -0.0273002 0.00014683 0.00628944 -0.0291831 0.00207295 0.00247738 -0.0298975 0.003 0.0063126 -0.0292906 0.0025307 0.0235714 -0.0131678 0 0.0104128 -0.0259132 0.00014683 0.0111309 -0.0277004 0.00207295 0.00736456 -0.029082 0.003 0.0111719 -0.0278024 0.0025307 0.0146424 -0.0237807 0.00014683 0.0194417 -0.0220901 0.00123664 0.0156522 -0.0254208 0.00207295 0.0120509 -0.0274732 0.003 0.0157099 -0.0255144 0.0025307 0.0190032 -0.0215919 0.000572949 0.0184507 -0.0209641 0.00014683 0.0192397 -0.0218606 0.00087868 0.0197232 -0.0224099 0.00207295 0.0164084 -0.025115 0.003 0.0197958 -0.0224924 0.0025307 0.0226574 -0.0182946 0.00087868 0.0217282 -0.0175443 0.00014683 0.0228953 -0.0184867 0.00123664 0.025905 -0.0144714 0.00163803 0.0281479 -0.00994528 0.00207295 0.027978 -0.00988526 0.00163803 0.0203184 -0.0220717 0.003 0.0254577 -0.00899477 0 0.0251108 -0.0140277 0.000572949 0.0247604 -0.013832 0.00032698 0.0243807 -0.0136199 0.00014683 0.0254233 -0.0142023 0.00087868 0.0256902 -0.0143514 0.00123664 0.0236742 -0.0184264 0.003 0.027954 -0.0047932 0.00032698 0.0267419 -0.0094485 0.00032698 0.0271203 -0.00958222 0.000572949 0.0274578 -0.00970147 0.00087868 0.0277461 -0.00980332 0.00123664 0.0263842 -0.0142784 0.003 0.0283496 -0.00486103 0.000572949 0.0287024 -0.00492153 0.00087868 0.0290038 -0.0049732 0.00123664 0.0292462 -0.00501476 0.00163803 0.0294238 -0.00504521 0.00207295 0.00248736 0.029896 0.019 -0.00238538 0.0289011 0.02 -0.00246763 0.0298977 0.019 0.029 -7.49014e-18 0.02 0.0295908 -0.00493784 0.019 0.0286045 -0.00477324 0.02 -0.00711036 0.0281143 0.02 -0.00735554 0.0290838 0.019 -0.012043 0.0274762 0.019 -0.0116415 0.0265603 0.02 -0.0158552 0.0242816 0.02 -0.016402 0.0251189 0.019 -0.0196364 0.0213401 0.02 -0.0203135 0.022076 0.019 -0.0236708 0.0184305 0.019 -0.0228818 0.0178162 0.02 -0.0255028 0.0138059 0.02 -0.0263822 0.014282 0.019 -0.0274278 0.0094188 0.02 -0.0283736 0.00974358 0.019 -0.0295906 0.00493921 0.019 -0.0286042 0.00477457 0.02 -0.029 1.83697e-18 0.02 -0.03 -3.21563e-17 0.019 0.00240445 0.0288995 0.02 0.00737425 0.0290788 0.019 0.0120597 0.0274684 0.019 0.00712844 0.0281095 0.02 0.016416 0.025109 0.019 0.0116577 0.0265528 0.02 0.0158688 0.024272 0.02 0.0203244 0.0220651 0.019 0.0236784 0.0184197 0.019 0.0196469 0.0213296 0.02 0.0263867 0.0142724 0.019 0.0228891 0.0178057 0.02 0.0255071 0.0137967 0.02 0.0283755 0.00973636 0.019 0.0295906 0.00493921 0.019 0.0274297 0.00941181 0.02 0.03 1.88336e-17 0.019 0.0286042 0.00477457 0.02 0.0263842 -0.0142784 0.019 0.0274287 -0.00941628 0.02 0.0283745 -0.00974098 0.019 0.0164084 -0.025115 0.019 0.0196412 -0.021336 0.02 0.0203184 -0.0220717 0.019 0.0236742 -0.0184264 0.019 0.0228851 -0.0178122 0.02 0.0255047 -0.0138025 0.02 0.00736456 -0.029082 0.019 0.00247738 -0.0298975 0.019 0.00711908 -0.0281126 0.02 0.0158615 -0.0242778 0.02 0.0120509 -0.0274732 0.019 0.0116492 -0.0265574 0.02 -0.00711908 -0.0281126 0.02 -0.00736456 -0.029082 0.019 -0.0120509 -0.0274732 0.019 -0.0023948 -0.0289009 0.02 0.0023948 -0.0289009 0.02 -0.00247738 -0.0298975 0.019 -0.0236742 -0.0184264 0.019 -0.0196412 -0.021336 0.02 -0.0203184 -0.0220717 0.019 -0.0164084 -0.025115 0.019 -0.0158615 -0.0242778 0.02 -0.0116492 -0.0265574 0.02 -0.0228851 -0.0178122 0.02 -0.0263842 -0.0142784 0.019 -0.0283745 -0.00974098 0.019 -0.0255047 -0.0138025 0.02 -0.0295908 -0.00493784 0.019 -0.0274287 -0.00941628 0.02 -0.0286045 -0.00477324 0.02 0.0023948 -0.0289009 0.02 -0.0023948 -0.0289009 0.02 -0.0023948 -0.0289009 0.035 0.029 -7.49014e-18 0.035 0.0286042 0.00477457 0.02 0.029 -7.49014e-18 0.02 -0.00711908 -0.0281126 0.02 -0.00711908 -0.0281126 0.035 -0.0116492 -0.0265574 0.035 -0.0116492 -0.0265574 0.02 -0.0158615 -0.0242778 0.02 -0.0158615 -0.0242778 0.035 -0.0196412 -0.021336 0.02 -0.0196412 -0.021336 0.035 -0.0228851 -0.0178122 0.035 -0.0228851 -0.0178122 0.02 -0.0255047 -0.0138025 0.02 -0.0255047 -0.0138025 0.035 -0.0274287 -0.00941628 0.02 -0.0274287 -0.00941628 0.035 -0.0286045 -0.00477324 0.035 -0.0286045 -0.00477324 0.02 -0.029 1.83697e-18 0.035 -0.029 1.83697e-18 0.02 0.0023948 -0.0289009 0.035 0.00711908 -0.0281126 0.02 0.00711908 -0.0281126 0.035 0.0116492 -0.0265574 0.035 0.0116492 -0.0265574 0.02 0.0158615 -0.0242778 0.035 0.0158615 -0.0242778 0.02 0.0196412 -0.021336 0.02 0.0196412 -0.021336 0.035 0.0228851 -0.0178122 0.035 0.0228851 -0.0178122 0.02 0.0255047 -0.0138025 0.035 0.0255047 -0.0138025 0.02 0.0274287 -0.00941628 0.02 0.0274287 -0.00941628 0.035 0.0286045 -0.00477324 0.035 0.0286045 -0.00477324 0.02 0.0274287 0.00941628 0.035 0.0274297 0.00941181 0.02 0.0286045 0.00477324 0.035 0.0196412 0.021336 0.035 0.0196469 0.0213296 0.02 0.0228851 0.0178122 0.035 0.0255047 0.0138025 0.035 0.0228891 0.0178057 0.02 0.0255071 0.0137967 0.02 0.0116492 0.0265574 0.035 0.00711908 0.0281126 0.035 0.00712844 0.0281095 0.02 0.0158688 0.024272 0.02 0.0158615 0.0242778 0.035 0.0116577 0.0265528 0.02 -0.00711036 0.0281143 0.02 -0.0023948 0.0289009 0.035 -0.00711908 0.0281126 0.035 -0.00238538 0.0289011 0.02 0.00240445 0.0288995 0.02 0.0023948 0.0289009 0.035 -0.0196412 0.021336 0.035 -0.0196364 0.0213401 0.02 -0.0158615 0.0242778 0.035 -0.0116492 0.0265574 0.035 -0.0158552 0.0242816 0.02 -0.0116415 0.0265603 0.02 -0.0255028 0.0138059 0.02 -0.0228818 0.0178162 0.02 -0.0228851 0.0178122 0.035 -0.0255047 0.0138025 0.035 -0.0274278 0.0094188 0.02 -0.0274287 0.00941628 0.035 -0.0286042 0.00477457 0.02 -0.0286045 0.00477324 0.035 0.0324294 0.00214148 0.04 0.0324294 0.00214148 0.035 0.0324294 -0.00214148 0.04 0.0318662 0.00638725 0.035 0.0318662 0.00638725 0.04 0.0324294 -0.00214148 0.035 0.0318662 -0.00638725 0.04 0.0318662 -0.00638725 0.035 0.0354169 0.0123377 0.04 0.0318662 0.00638725 0.035 0.0318662 0.00638725 0.04 0.0497668 0.0271768 0.04 0.0444319 0.022802 0.035 0.04442 0.0227923 0.04 0.0396061 0.0178112 0.04 0.0396265 0.0178343 0.035 0.0354169 0.0123377 0.035 0.0617942 0.0339675 0.035 0.0556062 0.0309316 0.035 0.0617942 0.0339675 0.04 0.0497787 0.0271865 0.035 0.0555795 0.0309161 0.04 0.0683249 0.036284 0.04 0.0683249 0.036284 0.035 0.0740654 0.0510999 0.04 0.0730805 0.0524452 0.035 0.0740654 0.0510999 0.035 0.0718858 0.0536083 0.035 0.0730805 0.0524452 0.04 0.0718858 0.0536083 0.04 0.0705144 0.0545566 0.035 0.0705144 0.0545566 0.04 0.0690045 0.0552639 0.035 0.067398 0.0557105 0.035 0.0690045 0.0552639 0.04 0.067398 0.0557105 0.04 0.0657397 0.055884 0.035 0.0657397 0.055884 0.04 0.0640756 0.0557795 0.035 0.0624521 0.0553999 0.035 0.0640756 0.0557795 0.04 0.0624521 0.0553999 0.04 0.0609141 0.0547559 0.035 0.0609141 0.0547559 0.04 0.0595045 0.0538653 0.035 0.0582625 0.0527529 0.035 0.0595045 0.0538653 0.04 0.0582625 0.0527529 0.04 0.0748131 0.0496095 0.04 0.0748131 0.0496095 0.035 0.0753028 0.0480157 0.04 0.0755208 0.0463627 0.04 0.0753028 0.0480157 0.035 0.0755208 0.0463627 0.035 0.0754611 0.0446964 0.04 0.0754611 0.0446964 0.035 0.0751254 0.0430632 0.04 0.074523 0.0415084 0.04 0.0751254 0.0430632 0.035 0.074523 0.0415084 0.035 0.0736707 0.0400754 0.04 0.0736707 0.0400754 0.035 0.0725921 0.0388039 0.04 0.0713172 0.0377293 0.04 0.0725921 0.0388039 0.035 0.0713172 0.0377293 0.035 0.0698815 0.0368815 0.04 0.0698815 0.0368815 0.035 0.0683249 0.036284 0.04 0.0683249 0.036284 0.035 0.0520131 0.0468463 0.04 0.0582625 0.0527529 0.035 0.0582625 0.0527529 0.04 0.0299507 0.0338763 0.04 0.0377705 0.0373537 0.035 0.0377705 0.0373537 0.04 0.0451824 0.0417133 0.04 0.0451477 0.0416915 0.035 0.0520131 0.0468463 0.035 0.0133246 0.029643 0.04 0.0217642 0.0312905 0.035 0.0217642 0.0312905 0.04 0.0299129 0.0338607 0.035 0.0133246 0.029643 0.035 0.00274259 0.0323841 0.04 -0.00274259 0.0323841 0.04 -0.00274259 0.0323841 0.035 -0.00814964 0.0314616 0.04 -0.00814964 0.0314616 0.035 -0.0133246 0.029643 0.035 -0.0133246 0.029643 0.04 0.00274259 0.0323841 0.035 0.00814964 0.0314616 0.035 0.00814964 0.0314616 0.04 0.0133246 0.029643 0.04 0.0133246 0.029643 0.035 -0.0217642 0.0312905 0.04 -0.0133246 0.029643 0.035 -0.0133246 0.029643 0.04 -0.0451477 0.0416915 0.04 -0.0377705 0.0373537 0.035 -0.0377705 0.0373537 0.04 -0.0299129 0.0338607 0.04 -0.0299507 0.0338763 0.035 -0.0217642 0.0312905 0.035 -0.0582625 0.0527529 0.04 -0.0520131 0.0468463 0.035 -0.0520131 0.0468463 0.04 -0.0451824 0.0417133 0.035 -0.0582625 0.0527529 0.035 -0.0740654 0.0510999 0.04 -0.0748131 0.0496095 0.035 -0.0740654 0.0510999 0.035 -0.0753028 0.0480157 0.035 -0.0748131 0.0496095 0.04 -0.0753028 0.0480157 0.04 -0.0755208 0.0463627 0.035 -0.0755208 0.0463627 0.04 -0.0754611 0.0446964 0.035 -0.0751254 0.0430632 0.035 -0.0754611 0.0446964 0.04 -0.0751254 0.0430632 0.04 -0.074523 0.0415084 0.035 -0.074523 0.0415084 0.04 -0.0736707 0.0400754 0.035 -0.0725921 0.0388039 0.035 -0.0736707 0.0400754 0.04 -0.0725921 0.0388039 0.04 -0.0713172 0.0377293 0.035 -0.0713172 0.0377293 0.04 -0.0698815 0.0368815 0.035 -0.0683249 0.036284 0.035 -0.0698815 0.0368815 0.04 -0.0683249 0.036284 0.04 -0.0730805 0.0524452 0.04 -0.0730805 0.0524452 0.035 -0.0718858 0.0536083 0.04 -0.0705144 0.0545566 0.04 -0.0718858 0.0536083 0.035 -0.0705144 0.0545566 0.035 -0.0690045 0.0552639 0.04 -0.0690045 0.0552639 0.035 -0.067398 0.0557105 0.04 -0.0657397 0.055884 0.04 -0.067398 0.0557105 0.035 -0.0657397 0.055884 0.035 -0.0640756 0.0557795 0.04 -0.0640756 0.0557795 0.035 -0.0624521 0.0553999 0.04 -0.0609141 0.0547559 0.04 -0.0624521 0.0553999 0.035 -0.0609141 0.0547559 0.035 -0.0595045 0.0538653 0.04 -0.0595045 0.0538653 0.035 -0.0582625 0.0527529 0.04 -0.0582625 0.0527529 0.035 -0.0617942 0.0339675 0.04 -0.0683249 0.036284 0.035 -0.0683249 0.036284 0.04 -0.0444319 0.022802 0.04 -0.0497668 0.0271768 0.035 -0.0497787 0.0271865 0.04 -0.0556062 0.0309316 0.04 -0.0555795 0.0309161 0.035 -0.0617942 0.0339675 0.035 -0.0354169 0.0123377 0.035 -0.0396061 0.0178112 0.035 -0.0354169 0.0123377 0.04 -0.04442 0.0227923 0.035 -0.0396265 0.0178343 0.04 -0.0318662 0.00638725 0.04 -0.0318662 0.00638725 0.035 -0.0324294 -0.00214148 0.04 -0.0324294 -0.00214148 0.035 -0.0324294 0.00214148 0.04 -0.0318662 -0.00638725 0.035 -0.0318662 -0.00638725 0.04 -0.0324294 0.00214148 0.035 -0.0318662 0.00638725 0.04 -0.0318662 0.00638725 0.035 -0.0354169 -0.0123377 0.04 -0.0318662 -0.00638725 0.035 -0.0318662 -0.00638725 0.04 -0.0497668 -0.0271768 0.04 -0.0444319 -0.022802 0.035 -0.04442 -0.0227923 0.04 -0.0396061 -0.0178112 0.04 -0.0396265 -0.0178343 0.035 -0.0354169 -0.0123377 0.035 -0.0617942 -0.0339675 0.035 -0.0556062 -0.0309316 0.035 -0.0617942 -0.0339675 0.04 -0.0497787 -0.0271865 0.035 -0.0555795 -0.0309161 0.04 -0.0683249 -0.036284 0.04 -0.0683249 -0.036284 0.035 -0.0740654 -0.0510999 0.04 -0.0730805 -0.0524452 0.035 -0.0740654 -0.0510999 0.035 -0.0718858 -0.0536083 0.035 -0.0730805 -0.0524452 0.04 -0.0718858 -0.0536083 0.04 -0.0705144 -0.0545566 0.035 -0.0705144 -0.0545566 0.04 -0.0690045 -0.0552639 0.035 -0.067398 -0.0557105 0.035 -0.0690045 -0.0552639 0.04 -0.067398 -0.0557105 0.04 -0.0657397 -0.055884 0.035 -0.0657397 -0.055884 0.04 -0.0640756 -0.0557795 0.035 -0.0624521 -0.0553999 0.035 -0.0640756 -0.0557795 0.04 -0.0624521 -0.0553999 0.04 -0.0609141 -0.0547559 0.035 -0.0609141 -0.0547559 0.04 -0.0595045 -0.0538653 0.035 -0.0582625 -0.0527529 0.035 -0.0595045 -0.0538653 0.04 -0.0582625 -0.0527529 0.04 -0.0748131 -0.0496095 0.04 -0.0748131 -0.0496095 0.035 -0.0753028 -0.0480157 0.04 -0.0755208 -0.0463627 0.04 -0.0753028 -0.0480157 0.035 -0.0755208 -0.0463627 0.035 -0.0754611 -0.0446964 0.04 -0.0754611 -0.0446964 0.035 -0.0751254 -0.0430632 0.04 -0.074523 -0.0415084 0.04 -0.0751254 -0.0430632 0.035 -0.074523 -0.0415084 0.035 -0.0736707 -0.0400754 0.04 -0.0736707 -0.0400754 0.035 -0.0725921 -0.0388039 0.04 -0.0713172 -0.0377293 0.04 -0.0725921 -0.0388039 0.035 -0.0713172 -0.0377293 0.035 -0.0698815 -0.0368815 0.04 -0.0698815 -0.0368815 0.035 -0.0683249 -0.036284 0.04 -0.0683249 -0.036284 0.035 -0.0520131 -0.0468463 0.04 -0.0582625 -0.0527529 0.035 -0.0582625 -0.0527529 0.04 -0.0299507 -0.0338763 0.04 -0.0377705 -0.0373537 0.035 -0.0377705 -0.0373537 0.04 -0.0451824 -0.0417133 0.04 -0.0451477 -0.0416915 0.035 -0.0520131 -0.0468463 0.035 -0.0133246 -0.029643 0.04 -0.0217642 -0.0312905 0.035 -0.0217642 -0.0312905 0.04 -0.0299129 -0.0338607 0.035 -0.0133246 -0.029643 0.035 -0.00274259 -0.0323841 0.04 0.00274259 -0.0323841 0.04 0.00274259 -0.0323841 0.035 0.00814964 -0.0314616 0.04 0.00814964 -0.0314616 0.035 0.0133246 -0.029643 0.035 0.0133246 -0.029643 0.04 -0.00274259 -0.0323841 0.035 -0.00814964 -0.0314616 0.035 -0.00814964 -0.0314616 0.04 -0.0133246 -0.029643 0.04 -0.0133246 -0.029643 0.035 0.0217642 -0.0312905 0.04 0.0133246 -0.029643 0.035 0.0133246 -0.029643 0.04 0.0451477 -0.0416915 0.04 0.0377705 -0.0373537 0.035 0.0377705 -0.0373537 0.04 0.0299129 -0.0338607 0.04 0.0299507 -0.0338763 0.035 0.0217642 -0.0312905 0.035 0.0582625 -0.0527529 0.04 0.0520131 -0.0468463 0.035 0.0520131 -0.0468463 0.04 0.0451824 -0.0417133 0.035 0.0582625 -0.0527529 0.035 0.0740654 -0.0510999 0.04 0.0748131 -0.0496095 0.035 0.0740654 -0.0510999 0.035 0.0753028 -0.0480157 0.035 0.0748131 -0.0496095 0.04 0.0753028 -0.0480157 0.04 0.0755208 -0.0463627 0.035 0.0755208 -0.0463627 0.04 0.0754611 -0.0446964 0.035 0.0751254 -0.0430632 0.035 0.0754611 -0.0446964 0.04 0.0751254 -0.0430632 0.04 0.074523 -0.0415084 0.035 0.074523 -0.0415084 0.04 0.0736707 -0.0400754 0.035 0.0725921 -0.0388039 0.035 0.0736707 -0.0400754 0.04 0.0725921 -0.0388039 0.04 0.0713172 -0.0377293 0.035 0.0713172 -0.0377293 0.04 0.0698815 -0.0368815 0.035 0.0683249 -0.036284 0.035 0.0698815 -0.0368815 0.04 0.0683249 -0.036284 0.04 0.0730805 -0.0524452 0.04 0.0730805 -0.0524452 0.035 0.0718858 -0.0536083 0.04 0.0705144 -0.0545566 0.04 0.0718858 -0.0536083 0.035 0.0705144 -0.0545566 0.035 0.0690045 -0.0552639 0.04 0.0690045 -0.0552639 0.035 0.067398 -0.0557105 0.04 0.0657397 -0.055884 0.04 0.067398 -0.0557105 0.035 0.0657397 -0.055884 0.035 0.0640756 -0.0557795 0.04 0.0640756 -0.0557795 0.035 0.0624521 -0.0553999 0.04 0.0609141 -0.0547559 0.04 0.0624521 -0.0553999 0.035 0.0609141 -0.0547559 0.035 0.0595045 -0.0538653 0.04 0.0595045 -0.0538653 0.035 0.0582625 -0.0527529 0.04 0.0582625 -0.0527529 0.035 0.0617942 -0.0339675 0.04 0.0683249 -0.036284 0.035 0.0683249 -0.036284 0.04 0.0444319 -0.022802 0.04 0.0497668 -0.0271768 0.035 0.0497787 -0.0271865 0.04 0.0556062 -0.0309316 0.04 0.0555795 -0.0309161 0.035 0.0617942 -0.0339675 0.035 0.0354169 -0.0123377 0.035 0.0396061 -0.0178112 0.035 0.0354169 -0.0123377 0.04 0.04442 -0.0227923 0.035 0.0396265 -0.0178343 0.04 0.0318662 -0.00638725 0.04 0.0318662 -0.00638725 0.035 -0.0751254 0.0430632 0.04 -0.0729299 0.0446517 0.04 -0.0726258 0.0434509 0.04 0.00814964 0.0314616 0.04 -0.00814964 0.0314616 0.04 -0.00274259 0.0323841 0.04 0.00274259 0.0323841 0.04 0.0217642 -0.0312905 0.04 0.0354169 -0.0123377 0.04 0.0396265 -0.0178343 0.04 0.0726258 -0.0483214 0.04 0.0753028 -0.0480157 0.04 0.0748131 -0.0496095 0.04 0.0377705 0.0373537 0.04 0.0555795 0.0309161 0.04 0.0497668 0.0271768 0.04 0.0133246 0.029643 0.04 0.0217642 0.0312905 0.04 0.0354169 0.0123377 0.04 0.0706118 0.051404 0.04 0.0718858 0.0536083 0.04 0.0730805 0.0524452 0.04 0.0726258 0.0434509 0.04 0.0729299 0.0446517 0.04 0.0751254 0.0430632 0.04 0.0582625 0.0527529 0.04 0.0595045 0.0538653 0.04 0.0614301 0.0521649 0.04 0.0520131 0.0468463 0.04 0.0589361 0.0494557 0.04 0.0683249 -0.036284 0.04 0.0698815 -0.0368815 0.04 0.0673733 -0.0386156 0.04 0.0649128 -0.0384117 0.04 0.063691 -0.0386156 0.04 0.0617942 -0.0339675 0.04 0.063691 0.0531566 0.04 0.0640756 0.0557795 0.04 0.0649128 0.0533605 0.04 0.0729299 -0.0471206 0.04 0.0755208 -0.0463627 0.04 0.0451824 0.0417133 0.04 0.0596136 0.0412795 0.04 0.0714507 0.0412795 0.04 0.074523 0.0415084 0.04 0.0736707 0.0400754 0.04 0.0721282 0.0423165 0.04 0.0581345 0.0471206 0.04 0.0584385 0.0483214 0.04 0.0497787 -0.0271865 0.04 0.0556062 -0.0309316 0.04 0.0377705 -0.0373537 0.04 0.0299129 -0.0338607 0.04 0.0444319 -0.022802 0.04 0.0705144 0.0545566 0.04 0.0696343 0.0521649 0.04 0.0685449 0.0527544 0.04 0.0754611 0.0446964 0.04 0.0609141 -0.0547559 0.04 0.0595045 -0.0538653 0.04 0.0625194 -0.0527544 0.04 0.0673733 -0.0531566 0.04 0.0685449 -0.0527544 0.04 0.0690045 -0.0552639 0.04 0.0609141 0.0547559 0.04 0.0625194 0.0527544 0.04 0.067398 -0.0557105 0.04 0.0661515 -0.0533605 0.04 0.063691 -0.0531566 0.04 0.0649128 -0.0533605 0.04 0.0640756 -0.0557795 0.04 0.0624521 0.0553999 0.04 0.0657397 0.055884 0.04 0.0661515 0.0533605 0.04 0.0604526 0.051404 0.04 0.0596136 0.0504927 0.04 0.0690045 0.0552639 0.04 0.0673733 0.0531566 0.04 0.067398 0.0557105 0.04 0.0730322 0.0458861 0.04 0.0721282 0.0494557 0.04 0.0740654 0.0510999 0.04 0.0748131 0.0496095 0.04 0.0725921 0.0388039 0.04 0.0706118 0.0403682 0.04 0.0713172 0.0377293 0.04 0.0696343 0.0396074 0.04 0.0617942 0.0339675 0.04 0.063691 0.0386156 0.04 0.0649128 0.0384117 0.04 0.0698815 0.0368815 0.04 0.0685449 0.0390178 0.04 0.0625194 0.0390178 0.04 0.0614301 0.0396074 0.04 0.0396061 0.0178112 0.04 0.0299507 0.0338763 0.04 0.04442 0.0227923 0.04 0.0318662 0.00638725 0.04 -0.0133246 0.029643 0.04 -0.0318662 0.00638725 0.04 -0.0354169 0.0123377 0.04 -0.0217642 0.0312905 0.04 -0.0396265 0.0178343 0.04 -0.0444319 0.022802 0.04 -0.0299129 0.0338607 0.04 -0.0736707 0.0400754 0.04 -0.074523 0.0415084 0.04 -0.0714507 0.0412795 0.04 -0.0754611 0.0446964 0.04 -0.0730322 0.0458861 0.04 -0.0753028 0.0480157 0.04 -0.0748131 0.0496095 0.04 -0.0726258 0.0483214 0.04 -0.0721282 0.0494557 0.04 -0.0714507 0.0504927 0.04 -0.0730805 0.0524452 0.04 -0.0706118 0.051404 0.04 -0.0685449 0.0527544 0.04 -0.0696343 0.0521649 0.04 -0.0705144 0.0545566 0.04 -0.0718858 0.0536083 0.04 -0.0690045 0.0552639 0.04 -0.0673733 0.0531566 0.04 -0.0661515 0.0533605 0.04 -0.0657397 0.055884 0.04 -0.0649128 0.0533605 0.04 -0.067398 0.0557105 0.04 -0.0640756 0.0557795 0.04 -0.063691 0.0531566 0.04 -0.0740654 0.0510999 0.04 -0.0729299 0.0471206 0.04 -0.0755208 0.0463627 0.04 -0.0721282 0.0423165 0.04 -0.0713172 0.0377293 0.04 -0.0725921 0.0388039 0.04 -0.0696343 0.0396074 0.04 -0.0706118 0.0403682 0.04 -0.0661515 0.0384117 0.04 -0.0649128 0.0384117 0.04 -0.0683249 0.036284 0.04 -0.0685449 0.0390178 0.04 -0.0698815 0.0368815 0.04 -0.0673733 0.0386156 0.04 -0.0617942 0.0339675 0.04 -0.063691 0.0386156 0.04 -0.0726258 -0.0434509 0.04 -0.0751254 -0.0430632 0.04 -0.0721282 -0.0423165 0.04 -0.074523 -0.0415084 0.04 -0.0714507 -0.0412795 0.04 -0.0580322 0.0458861 0.04 -0.0520131 0.0468463 0.04 -0.0581345 0.0446517 0.04 -0.0556062 0.0309316 0.04 -0.0596136 0.0412795 0.04 -0.0451477 0.0416915 0.04 -0.0584385 0.0434509 0.04 -0.0589361 0.0423165 0.04 0.0324294 0.00214148 0.04 -0.0377705 0.0373537 0.04 -0.0497787 0.0271865 0.04 -0.0324294 0.00214148 0.04 0.0324294 -0.00214148 0.04 -0.0324294 -0.00214148 0.04 0.0318662 -0.00638725 0.04 -0.0318662 -0.00638725 0.04 -0.0217642 -0.0312905 0.04 -0.0396061 -0.0178112 0.04 -0.0354169 -0.0123377 0.04 -0.0377705 -0.0373537 0.04 -0.0555795 -0.0309161 0.04 -0.0497668 -0.0271768 0.04 -0.0299507 -0.0338763 0.04 -0.04442 -0.0227923 0.04 -0.0596136 -0.0504927 0.04 -0.0582625 -0.0527529 0.04 -0.0604526 -0.051404 0.04 -0.0581345 -0.0471206 0.04 -0.0580322 -0.0458861 0.04 -0.0520131 -0.0468463 0.04 -0.0736707 -0.0400754 0.04 -0.0705144 -0.0545566 0.04 -0.0696343 -0.0521649 0.04 -0.0685449 -0.0527544 0.04 -0.0754611 -0.0446964 0.04 -0.0730322 -0.0458861 0.04 -0.0755208 -0.0463627 0.04 -0.0584385 -0.0483214 0.04 -0.0589361 -0.0494557 0.04 -0.0721282 -0.0494557 0.04 -0.0714507 -0.0504927 0.04 -0.0740654 -0.0510999 0.04 -0.0614301 -0.0521649 0.04 -0.0595045 -0.0538653 0.04 -0.0649128 -0.0533605 0.04 -0.063691 -0.0531566 0.04 -0.0640756 -0.0557795 0.04 -0.0624521 -0.0553999 0.04 -0.0609141 -0.0547559 0.04 -0.0625194 -0.0527544 0.04 -0.0661515 -0.0533605 0.04 -0.0657397 -0.055884 0.04 -0.0726258 -0.0483214 0.04 -0.0753028 -0.0480157 0.04 -0.0729299 -0.0471206 0.04 -0.0673733 -0.0531566 0.04 -0.067398 -0.0557105 0.04 -0.0718858 -0.0536083 0.04 -0.0706118 -0.051404 0.04 0.0657397 -0.055884 0.04 -0.0748131 -0.0496095 0.04 -0.0730805 -0.0524452 0.04 -0.0725921 -0.0388039 0.04 -0.0706118 -0.0403682 0.04 -0.0729299 -0.0446517 0.04 -0.0673733 -0.0386156 0.04 -0.0685449 -0.0390178 0.04 -0.0698815 -0.0368815 0.04 -0.00814964 -0.0314616 0.04 0.00274259 -0.0323841 0.04 -0.00274259 -0.0323841 0.04 -0.0133246 -0.029643 0.04 -0.0617942 -0.0339675 0.04 -0.0625194 -0.0390178 0.04 -0.063691 -0.0386156 0.04 -0.0451824 -0.0417133 0.04 -0.0614301 -0.0396074 0.04 0.0133246 -0.029643 0.04 0.00814964 -0.0314616 0.04 0.0721282 -0.0494557 0.04 0.0740654 -0.0510999 0.04 0.0714507 -0.0504927 0.04 0.0713172 -0.0377293 0.04 0.0685449 -0.0390178 0.04 0.0696343 -0.0521649 0.04 0.0706118 -0.051404 0.04 0.0718858 -0.0536083 0.04 0.0730805 -0.0524452 0.04 0.0705144 -0.0545566 0.04 0.0730322 -0.0458861 0.04 0.0714507 -0.0412795 0.04 0.0736707 -0.0400754 0.04 0.074523 -0.0415084 0.04 0.0624521 -0.0553999 0.04 0.0725921 -0.0388039 0.04 0.0696343 -0.0396074 0.04 0.0661515 -0.0384117 0.04 0.0581345 -0.0446517 0.04 0.0580322 -0.0458861 0.04 0.0520131 -0.0468463 0.04 0.0451477 -0.0416915 0.04 0.0589361 -0.0423165 0.04 0.0584385 -0.0434509 0.04 -0.0596136 0.0504927 0.04 -0.0582625 0.0527529 0.04 -0.0589361 0.0494557 0.04 -0.0609141 0.0547559 0.04 -0.0624521 0.0553999 0.04 -0.0604526 0.0403682 0.04 -0.0625194 0.0390178 0.04 -0.0614301 0.0396074 0.04 -0.0625194 0.0527544 0.04 -0.0595045 0.0538653 0.04 -0.0614301 0.0521649 0.04 -0.0604526 0.051404 0.04 -0.0581345 0.0471206 0.04 -0.0584385 0.0483214 0.04 0.0754611 -0.0446964 0.04 0.0729299 -0.0446517 0.04 0.0726258 -0.0434509 0.04 0.0751254 -0.0430632 0.04 0.0582625 -0.0527529 0.04 0.0596136 -0.0504927 0.04 0.0604526 -0.051404 0.04 0.0614301 -0.0521649 0.04 0.0706118 -0.0403682 0.04 0.0589361 -0.0494557 0.04 0.0596136 -0.0412795 0.04 0.0581345 -0.0471206 0.04 0.0584385 -0.0483214 0.04 0.0604526 -0.0403682 0.04 0.0625194 -0.0390178 0.04 0.0614301 -0.0396074 0.04 0.0721282 -0.0423165 0.04 -0.0604526 -0.0403682 0.04 -0.0596136 -0.0412795 0.04 -0.0690045 -0.0552639 0.04 -0.0713172 -0.0377293 0.04 -0.0696343 -0.0396074 0.04 -0.0683249 -0.036284 0.04 -0.0649128 -0.0384117 0.04 -0.0661515 -0.0384117 0.04 -0.0584385 -0.0434509 0.04 -0.0589361 -0.0423165 0.04 -0.0581345 -0.0446517 0.04 0.0755208 0.0463627 0.04 0.0729299 0.0471206 0.04 0.0753028 0.0480157 0.04 0.0683249 0.036284 0.04 0.0673733 0.0386156 0.04 0.0661515 0.0384117 0.04 0.0604526 0.0403682 0.04 0.0584385 0.0434509 0.04 0.0589361 0.0423165 0.04 0.0581345 0.0446517 0.04 0.0580322 0.0458861 0.04 0.0714507 0.0504927 0.04 0.0726258 0.0483214 0.04 -0.0661515 0.0533605 0.04 -0.0649128 0.0533605 0.055 -0.0661515 0.0533605 0.055 -0.0581345 0.0446517 0.055 -0.0580322 0.0458861 0.055 -0.0580322 0.0458861 0.04 -0.0673733 0.0531566 0.055 -0.0673733 0.0531566 0.04 -0.0685449 0.0527544 0.055 -0.0685449 0.0527544 0.04 -0.0696343 0.0521649 0.04 -0.0696343 0.0521649 0.055 -0.0706118 0.051404 0.055 -0.0706118 0.051404 0.04 -0.0714507 0.0504927 0.055 -0.0714507 0.0504927 0.04 -0.0721282 0.0494557 0.04 -0.0721282 0.0494557 0.055 -0.0726258 0.0483214 0.055 -0.0726258 0.0483214 0.04 -0.0729299 0.0471206 0.055 -0.0729299 0.0471206 0.04 -0.0730322 0.0458861 0.04 -0.0730322 0.0458861 0.055 -0.0649128 0.0533605 0.04 -0.063691 0.0531566 0.055 -0.063691 0.0531566 0.04 -0.0625194 0.0527544 0.04 -0.0625194 0.0527544 0.055 -0.0614301 0.0521649 0.04 -0.0614301 0.0521649 0.055 -0.0604526 0.051404 0.055 -0.0604526 0.051404 0.04 -0.0596136 0.0504927 0.04 -0.0596136 0.0504927 0.055 -0.0589361 0.0494557 0.04 -0.0589361 0.0494557 0.055 -0.0584385 0.0483214 0.055 -0.0584385 0.0483214 0.04 -0.0581345 0.0471206 0.04 -0.0581345 0.0471206 0.055 -0.0596136 0.0412795 0.055 -0.0589361 0.0423165 0.055 -0.0589361 0.0423165 0.04 -0.0584385 0.0434509 0.055 -0.0581345 0.0446517 0.04 -0.0584385 0.0434509 0.04 -0.0614301 0.0396074 0.04 -0.0625194 0.0390178 0.055 -0.0614301 0.0396074 0.055 -0.0596136 0.0412795 0.04 -0.0604526 0.0403682 0.04 -0.0604526 0.0403682 0.055 -0.0649128 0.0384117 0.055 -0.0649128 0.0384117 0.04 -0.0661515 0.0384117 0.055 -0.063691 0.0386156 0.055 -0.0625194 0.0390178 0.04 -0.063691 0.0386156 0.04 -0.0696343 0.0396074 0.055 -0.0685449 0.0390178 0.055 -0.0685449 0.0390178 0.04 -0.0673733 0.0386156 0.04 -0.0673733 0.0386156 0.055 -0.0661515 0.0384117 0.04 -0.0714507 0.0412795 0.04 -0.0714507 0.0412795 0.055 -0.0706118 0.0403682 0.04 -0.0696343 0.0396074 0.04 -0.0706118 0.0403682 0.055 -0.0721282 0.0423165 0.055 -0.0721282 0.0423165 0.04 -0.0726258 0.0434509 0.04 -0.0726258 0.0434509 0.055 -0.0729299 0.0446517 0.04 -0.0729299 0.0446517 0.055 -0.0714507 0.0504927 0.055 -0.0706118 0.051404 0.055 -0.0691419 0.0493458 0.055 -0.063691 0.0531566 0.055 -0.0636679 0.0505256 0.055 -0.0644788 0.0507739 0.055 -0.0649128 0.0533605 0.055 -0.06532 0.0508816 0.055 -0.0661515 0.0533605 0.055 -0.0614301 0.0521649 0.055 -0.0629106 0.0501438 0.055 -0.0625194 0.0527544 0.055 -0.0661673 0.0508456 0.055 -0.0673733 0.0531566 0.055 -0.0622288 0.0496395 0.055 -0.0604526 0.051404 0.055 -0.061642 0.0490272 0.055 -0.0669963 0.050667 0.055 -0.0685449 0.0527544 0.055 -0.0589361 0.0494557 0.055 -0.0611671 0.0483246 0.055 -0.0596136 0.0504927 0.055 -0.0677832 0.0503507 0.055 -0.0696343 0.0521649 0.055 -0.0608178 0.0475518 0.055 -0.0584385 0.0483214 0.055 -0.0606041 0.0467311 0.055 -0.0685053 0.0499061 0.055 -0.0606041 0.0450411 0.055 -0.0581345 0.0446517 0.055 -0.0584385 0.0434509 0.055 -0.0696747 0.048686 0.055 -0.0721282 0.0494557 0.055 -0.0730322 0.0458861 0.055 -0.0705141 0.0454621 0.055 -0.0729299 0.0446517 0.055 -0.0721282 0.0423165 0.055 -0.0700883 0.0438266 0.055 -0.0696747 0.0430862 0.055 -0.0677832 0.0414215 0.055 -0.0696343 0.0396074 0.055 -0.0685053 0.0418661 0.055 -0.0622288 0.0421328 0.055 -0.0614301 0.0396074 0.055 -0.0629106 0.0416285 0.055 -0.0661673 0.0409266 0.055 -0.06532 0.0408906 0.055 -0.0661515 0.0384117 0.055 -0.0644788 0.0409983 0.055 -0.0649128 0.0384117 0.055 -0.0685449 0.0390178 0.055 -0.0669963 0.0411053 0.055 -0.0673733 0.0386156 0.055 -0.0636679 0.0412467 0.055 -0.063691 0.0386156 0.055 -0.0691419 0.0424264 0.055 -0.0706118 0.0403682 0.055 -0.0625194 0.0390178 0.055 -0.061642 0.042745 0.055 -0.0604526 0.0403682 0.055 -0.0714507 0.0412795 0.055 -0.0726258 0.0434509 0.055 -0.0703708 0.0446262 0.055 -0.0596136 0.0412795 0.055 -0.0611671 0.0434476 0.055 -0.0589361 0.0423165 0.055 -0.0608178 0.0442204 0.055 -0.0729299 0.0471206 0.055 -0.0705141 0.0463101 0.055 -0.0726258 0.0483214 0.055 -0.0700883 0.0479456 0.055 -0.0703708 0.047146 0.055 -0.0580322 0.0458861 0.055 -0.0581345 0.0471206 0.055 -0.0605322 0.0458861 0.055 0.0649128 0.0533605 0.04 0.0661515 0.0533605 0.055 0.0649128 0.0533605 0.055 0.0729299 0.0446517 0.055 0.0730322 0.0458861 0.055 0.0730322 0.0458861 0.04 0.063691 0.0531566 0.055 0.063691 0.0531566 0.04 0.0625194 0.0527544 0.055 0.0625194 0.0527544 0.04 0.0614301 0.0521649 0.04 0.0614301 0.0521649 0.055 0.0604526 0.051404 0.055 0.0604526 0.051404 0.04 0.0596136 0.0504927 0.055 0.0596136 0.0504927 0.04 0.0589361 0.0494557 0.04 0.0589361 0.0494557 0.055 0.0584385 0.0483214 0.055 0.0584385 0.0483214 0.04 0.0581345 0.0471206 0.055 0.0581345 0.0471206 0.04 0.0580322 0.0458861 0.04 0.0580322 0.0458861 0.055 0.0661515 0.0533605 0.04 0.0673733 0.0531566 0.055 0.0673733 0.0531566 0.04 0.0685449 0.0527544 0.04 0.0685449 0.0527544 0.055 0.0696343 0.0521649 0.04 0.0696343 0.0521649 0.055 0.0706118 0.051404 0.055 0.0706118 0.051404 0.04 0.0714507 0.0504927 0.04 0.0714507 0.0504927 0.055 0.0721282 0.0494557 0.04 0.0721282 0.0494557 0.055 0.0726258 0.0483214 0.055 0.0726258 0.0483214 0.04 0.0729299 0.0471206 0.04 0.0729299 0.0471206 0.055 0.0714507 0.0412795 0.055 0.0721282 0.0423165 0.055 0.0721282 0.0423165 0.04 0.0726258 0.0434509 0.055 0.0729299 0.0446517 0.04 0.0726258 0.0434509 0.04 0.0696343 0.0396074 0.04 0.0685449 0.0390178 0.055 0.0696343 0.0396074 0.055 0.0714507 0.0412795 0.04 0.0706118 0.0403682 0.04 0.0706118 0.0403682 0.055 0.0661515 0.0384117 0.055 0.0661515 0.0384117 0.04 0.0649128 0.0384117 0.055 0.0673733 0.0386156 0.055 0.0685449 0.0390178 0.04 0.0673733 0.0386156 0.04 0.0614301 0.0396074 0.055 0.0625194 0.0390178 0.055 0.0625194 0.0390178 0.04 0.063691 0.0386156 0.04 0.063691 0.0386156 0.055 0.0649128 0.0384117 0.04 0.0596136 0.0412795 0.04 0.0596136 0.0412795 0.055 0.0604526 0.0403682 0.04 0.0614301 0.0396074 0.04 0.0604526 0.0403682 0.055 0.0589361 0.0423165 0.055 0.0589361 0.0423165 0.04 0.0584385 0.0434509 0.04 0.0584385 0.0434509 0.055 0.0581345 0.0446517 0.04 0.0581345 0.0446517 0.055 0.0596136 0.0504927 0.055 0.0604526 0.051404 0.055 0.0619224 0.0493458 0.055 0.0673733 0.0531566 0.055 0.0673964 0.0505256 0.055 0.0665856 0.0507739 0.055 0.0661515 0.0533605 0.055 0.0657444 0.0508816 0.055 0.0649128 0.0533605 0.055 0.0696343 0.0521649 0.055 0.0681537 0.0501438 0.055 0.0685449 0.0527544 0.055 0.0648971 0.0508456 0.055 0.063691 0.0531566 0.055 0.0688355 0.0496395 0.055 0.0706118 0.051404 0.055 0.0694223 0.0490272 0.055 0.064068 0.050667 0.055 0.0625194 0.0527544 0.055 0.0721282 0.0494557 0.055 0.0698972 0.0483246 0.055 0.0714507 0.0504927 0.055 0.0632811 0.0503507 0.055 0.0614301 0.0521649 0.055 0.0702466 0.0475518 0.055 0.0726258 0.0483214 0.055 0.0704602 0.0467311 0.055 0.062559 0.0499061 0.055 0.0704602 0.0450411 0.055 0.0729299 0.0446517 0.055 0.0726258 0.0434509 0.055 0.0613896 0.048686 0.055 0.0589361 0.0494557 0.055 0.0580322 0.0458861 0.055 0.0605502 0.0454621 0.055 0.0581345 0.0446517 0.055 0.0589361 0.0423165 0.055 0.060976 0.0438266 0.055 0.0613896 0.0430862 0.055 0.0632811 0.0414215 0.055 0.0614301 0.0396074 0.055 0.062559 0.0418661 0.055 0.0688355 0.0421328 0.055 0.0696343 0.0396074 0.055 0.0681537 0.0416285 0.055 0.0648971 0.0409266 0.055 0.0657444 0.0408906 0.055 0.0649128 0.0384117 0.055 0.0665856 0.0409983 0.055 0.0661515 0.0384117 0.055 0.0625194 0.0390178 0.055 0.064068 0.0411053 0.055 0.063691 0.0386156 0.055 0.0673964 0.0412467 0.055 0.0673733 0.0386156 0.055 0.0619224 0.0424264 0.055 0.0604526 0.0403682 0.055 0.0685449 0.0390178 0.055 0.0694223 0.042745 0.055 0.0706118 0.0403682 0.055 0.0596136 0.0412795 0.055 0.0584385 0.0434509 0.055 0.0606935 0.0446262 0.055 0.0714507 0.0412795 0.055 0.0698972 0.0434476 0.055 0.0721282 0.0423165 0.055 0.0702466 0.0442204 0.055 0.0581345 0.0471206 0.055 0.0605502 0.0463101 0.055 0.0584385 0.0483214 0.055 0.060976 0.0479456 0.055 0.0606935 0.047146 0.055 0.0730322 0.0458861 0.055 0.0729299 0.0471206 0.055 0.0705322 0.0458861 0.055 0.0649128 -0.0384117 0.04 0.0661515 -0.0384117 0.055 0.0649128 -0.0384117 0.055 0.0729299 -0.0471206 0.055 0.0730322 -0.0458861 0.055 0.0730322 -0.0458861 0.04 0.063691 -0.0386156 0.055 0.063691 -0.0386156 0.04 0.0625194 -0.0390178 0.055 0.0625194 -0.0390178 0.04 0.0614301 -0.0396074 0.04 0.0614301 -0.0396074 0.055 0.0604526 -0.0403682 0.055 0.0604526 -0.0403682 0.04 0.0596136 -0.0412795 0.055 0.0596136 -0.0412795 0.04 0.0589361 -0.0423165 0.04 0.0589361 -0.0423165 0.055 0.0584385 -0.0434509 0.055 0.0584385 -0.0434509 0.04 0.0581345 -0.0446517 0.055 0.0581345 -0.0446517 0.04 0.0580322 -0.0458861 0.04 0.0580322 -0.0458861 0.055 0.0661515 -0.0384117 0.04 0.0673733 -0.0386156 0.055 0.0673733 -0.0386156 0.04 0.0685449 -0.0390178 0.04 0.0685449 -0.0390178 0.055 0.0696343 -0.0396074 0.04 0.0696343 -0.0396074 0.055 0.0706118 -0.0403682 0.055 0.0706118 -0.0403682 0.04 0.0714507 -0.0412795 0.04 0.0714507 -0.0412795 0.055 0.0721282 -0.0423165 0.04 0.0721282 -0.0423165 0.055 0.0726258 -0.0434509 0.055 0.0726258 -0.0434509 0.04 0.0729299 -0.0446517 0.04 0.0729299 -0.0446517 0.055 0.0714507 -0.0504927 0.055 0.0721282 -0.0494557 0.055 0.0721282 -0.0494557 0.04 0.0726258 -0.0483214 0.055 0.0729299 -0.0471206 0.04 0.0726258 -0.0483214 0.04 0.0696343 -0.0521649 0.04 0.0685449 -0.0527544 0.055 0.0696343 -0.0521649 0.055 0.0714507 -0.0504927 0.04 0.0706118 -0.051404 0.04 0.0706118 -0.051404 0.055 0.0661515 -0.0533605 0.055 0.0661515 -0.0533605 0.04 0.0649128 -0.0533605 0.055 0.0673733 -0.0531566 0.055 0.0685449 -0.0527544 0.04 0.0673733 -0.0531566 0.04 0.0614301 -0.0521649 0.055 0.0625194 -0.0527544 0.055 0.0625194 -0.0527544 0.04 0.063691 -0.0531566 0.04 0.063691 -0.0531566 0.055 0.0649128 -0.0533605 0.04 0.0596136 -0.0504927 0.04 0.0596136 -0.0504927 0.055 0.0604526 -0.051404 0.04 0.0614301 -0.0521649 0.04 0.0604526 -0.051404 0.055 0.0589361 -0.0494557 0.055 0.0589361 -0.0494557 0.04 0.0584385 -0.0483214 0.04 0.0584385 -0.0483214 0.055 0.0581345 -0.0471206 0.04 0.0581345 -0.0471206 0.055 0.0596136 -0.0412795 0.055 0.0604526 -0.0403682 0.055 0.0619224 -0.0424264 0.055 0.0673733 -0.0386156 0.055 0.0673964 -0.0412467 0.055 0.0665856 -0.0409983 0.055 0.0661515 -0.0384117 0.055 0.0657444 -0.0408906 0.055 0.0649128 -0.0384117 0.055 0.0696343 -0.0396074 0.055 0.0681537 -0.0416285 0.055 0.0685449 -0.0390178 0.055 0.0648971 -0.0409266 0.055 0.063691 -0.0386156 0.055 0.0688355 -0.0421328 0.055 0.0706118 -0.0403682 0.055 0.0694223 -0.042745 0.055 0.064068 -0.0411053 0.055 0.0625194 -0.0390178 0.055 0.0721282 -0.0423165 0.055 0.0698972 -0.0434476 0.055 0.0714507 -0.0412795 0.055 0.0632811 -0.0414215 0.055 0.0614301 -0.0396074 0.055 0.0702466 -0.0442204 0.055 0.0726258 -0.0434509 0.055 0.0704602 -0.0450411 0.055 0.062559 -0.0418661 0.055 0.0704602 -0.0467311 0.055 0.0729299 -0.0471206 0.055 0.0726258 -0.0483214 0.055 0.0613896 -0.0430862 0.055 0.0589361 -0.0423165 0.055 0.0580322 -0.0458861 0.055 0.0605502 -0.0463101 0.055 0.0581345 -0.0471206 0.055 0.0589361 -0.0494557 0.055 0.060976 -0.0479456 0.055 0.0613896 -0.048686 0.055 0.0632811 -0.0503507 0.055 0.0614301 -0.0521649 0.055 0.062559 -0.0499061 0.055 0.0688355 -0.0496395 0.055 0.0696343 -0.0521649 0.055 0.0681537 -0.0501438 0.055 0.0648971 -0.0508456 0.055 0.0657444 -0.0508816 0.055 0.0649128 -0.0533605 0.055 0.0665856 -0.0507739 0.055 0.0661515 -0.0533605 0.055 0.0625194 -0.0527544 0.055 0.064068 -0.050667 0.055 0.063691 -0.0531566 0.055 0.0673964 -0.0505256 0.055 0.0673733 -0.0531566 0.055 0.0619224 -0.0493458 0.055 0.0604526 -0.051404 0.055 0.0685449 -0.0527544 0.055 0.0694223 -0.0490272 0.055 0.0706118 -0.051404 0.055 0.0596136 -0.0504927 0.055 0.0584385 -0.0483214 0.055 0.0606935 -0.047146 0.055 0.0714507 -0.0504927 0.055 0.0698972 -0.0483246 0.055 0.0721282 -0.0494557 0.055 0.0702466 -0.0475518 0.055 0.0581345 -0.0446517 0.055 0.0605502 -0.0454621 0.055 0.0584385 -0.0434509 0.055 0.060976 -0.0438266 0.055 0.0606935 -0.0446262 0.055 0.0730322 -0.0458861 0.055 0.0729299 -0.0446517 0.055 0.0705322 -0.0458861 0.055 -0.0661515 -0.0384117 0.04 -0.0649128 -0.0384117 0.055 -0.0661515 -0.0384117 0.055 -0.0581345 -0.0471206 0.055 -0.0580322 -0.0458861 0.055 -0.0580322 -0.0458861 0.04 -0.0673733 -0.0386156 0.055 -0.0673733 -0.0386156 0.04 -0.0685449 -0.0390178 0.055 -0.0685449 -0.0390178 0.04 -0.0696343 -0.0396074 0.04 -0.0696343 -0.0396074 0.055 -0.0706118 -0.0403682 0.055 -0.0706118 -0.0403682 0.04 -0.0714507 -0.0412795 0.055 -0.0714507 -0.0412795 0.04 -0.0721282 -0.0423165 0.04 -0.0721282 -0.0423165 0.055 -0.0726258 -0.0434509 0.055 -0.0726258 -0.0434509 0.04 -0.0729299 -0.0446517 0.055 -0.0729299 -0.0446517 0.04 -0.0730322 -0.0458861 0.04 -0.0730322 -0.0458861 0.055 -0.0649128 -0.0384117 0.04 -0.063691 -0.0386156 0.055 -0.063691 -0.0386156 0.04 -0.0625194 -0.0390178 0.04 -0.0625194 -0.0390178 0.055 -0.0614301 -0.0396074 0.04 -0.0614301 -0.0396074 0.055 -0.0604526 -0.0403682 0.055 -0.0604526 -0.0403682 0.04 -0.0596136 -0.0412795 0.04 -0.0596136 -0.0412795 0.055 -0.0589361 -0.0423165 0.04 -0.0589361 -0.0423165 0.055 -0.0584385 -0.0434509 0.055 -0.0584385 -0.0434509 0.04 -0.0581345 -0.0446517 0.04 -0.0581345 -0.0446517 0.055 -0.0596136 -0.0504927 0.055 -0.0589361 -0.0494557 0.055 -0.0589361 -0.0494557 0.04 -0.0584385 -0.0483214 0.055 -0.0581345 -0.0471206 0.04 -0.0584385 -0.0483214 0.04 -0.0614301 -0.0521649 0.04 -0.0625194 -0.0527544 0.055 -0.0614301 -0.0521649 0.055 -0.0596136 -0.0504927 0.04 -0.0604526 -0.051404 0.04 -0.0604526 -0.051404 0.055 -0.0649128 -0.0533605 0.055 -0.0649128 -0.0533605 0.04 -0.0661515 -0.0533605 0.055 -0.063691 -0.0531566 0.055 -0.0625194 -0.0527544 0.04 -0.063691 -0.0531566 0.04 -0.0696343 -0.0521649 0.055 -0.0685449 -0.0527544 0.055 -0.0685449 -0.0527544 0.04 -0.0673733 -0.0531566 0.04 -0.0673733 -0.0531566 0.055 -0.0661515 -0.0533605 0.04 -0.0714507 -0.0504927 0.04 -0.0714507 -0.0504927 0.055 -0.0706118 -0.051404 0.04 -0.0696343 -0.0521649 0.04 -0.0706118 -0.051404 0.055 -0.0721282 -0.0494557 0.055 -0.0721282 -0.0494557 0.04 -0.0726258 -0.0483214 0.04 -0.0726258 -0.0483214 0.055 -0.0729299 -0.0471206 0.04 -0.0729299 -0.0471206 0.055 -0.0714507 -0.0412795 0.055 -0.0706118 -0.0403682 0.055 -0.0691419 -0.0424264 0.055 -0.063691 -0.0386156 0.055 -0.0636679 -0.0412467 0.055 -0.0644788 -0.0409983 0.055 -0.0649128 -0.0384117 0.055 -0.06532 -0.0408906 0.055 -0.0661515 -0.0384117 0.055 -0.0614301 -0.0396074 0.055 -0.0629106 -0.0416285 0.055 -0.0625194 -0.0390178 0.055 -0.0661673 -0.0409266 0.055 -0.0673733 -0.0386156 0.055 -0.0622288 -0.0421328 0.055 -0.0604526 -0.0403682 0.055 -0.061642 -0.042745 0.055 -0.0669963 -0.0411053 0.055 -0.0685449 -0.0390178 0.055 -0.0589361 -0.0423165 0.055 -0.0611671 -0.0434476 0.055 -0.0596136 -0.0412795 0.055 -0.0677832 -0.0414215 0.055 -0.0696343 -0.0396074 0.055 -0.0608178 -0.0442204 0.055 -0.0584385 -0.0434509 0.055 -0.0606041 -0.0450411 0.055 -0.0685053 -0.0418661 0.055 -0.0606041 -0.0467311 0.055 -0.0581345 -0.0471206 0.055 -0.0584385 -0.0483214 0.055 -0.0696747 -0.0430862 0.055 -0.0721282 -0.0423165 0.055 -0.0730322 -0.0458861 0.055 -0.0705141 -0.0463101 0.055 -0.0729299 -0.0471206 0.055 -0.0721282 -0.0494557 0.055 -0.0700883 -0.0479456 0.055 -0.0696747 -0.048686 0.055 -0.0677832 -0.0503507 0.055 -0.0696343 -0.0521649 0.055 -0.0685053 -0.0499061 0.055 -0.0622288 -0.0496395 0.055 -0.0614301 -0.0521649 0.055 -0.0629106 -0.0501438 0.055 -0.0661673 -0.0508456 0.055 -0.06532 -0.0508816 0.055 -0.0661515 -0.0533605 0.055 -0.0644788 -0.0507739 0.055 -0.0649128 -0.0533605 0.055 -0.0685449 -0.0527544 0.055 -0.0669963 -0.050667 0.055 -0.0673733 -0.0531566 0.055 -0.0636679 -0.0505256 0.055 -0.063691 -0.0531566 0.055 -0.0691419 -0.0493458 0.055 -0.0706118 -0.051404 0.055 -0.0625194 -0.0527544 0.055 -0.061642 -0.0490272 0.055 -0.0604526 -0.051404 0.055 -0.0714507 -0.0504927 0.055 -0.0726258 -0.0483214 0.055 -0.0703708 -0.047146 0.055 -0.0596136 -0.0504927 0.055 -0.0611671 -0.0483246 0.055 -0.0589361 -0.0494557 0.055 -0.0608178 -0.0475518 0.055 -0.0729299 -0.0446517 0.055 -0.0705141 -0.0454621 0.055 -0.0726258 -0.0434509 0.055 -0.0700883 -0.0438266 0.055 -0.0703708 -0.0446262 0.055 -0.0580322 -0.0458861 0.055 -0.0581345 -0.0446517 0.055 -0.0605322 -0.0458861 0.055 -0.0764515 -0.0468155 0.06 -0.0705141 -0.0454621 0.055 -0.0764515 -0.0449567 0.06 -0.0703708 -0.0446262 0.055 -0.0761373 -0.0431247 0.06 -0.0755181 -0.0413722 0.06 -0.0700883 -0.0438266 0.055 -0.0696747 -0.0430862 0.055 -0.0746116 -0.0397495 0.06 -0.0691419 -0.0424264 0.055 -0.0734439 -0.0383033 0.06 -0.0720486 -0.0370753 0.06 -0.0685053 -0.0418661 0.055 -0.0677832 -0.0414215 0.055 -0.0704658 -0.0361007 0.06 -0.0669963 -0.0411053 0.055 -0.0687411 -0.0354077 0.06 -0.0669241 -0.0350161 0.06 -0.0661673 -0.0409266 0.055 -0.06532 -0.0408906 0.055 -0.0650671 -0.0349372 0.06 -0.0644788 -0.0409983 0.055 -0.0632234 -0.0351733 0.06 -0.0614461 -0.0357176 0.06 -0.0636679 -0.0412467 0.055 -0.0629106 -0.0416285 0.055 -0.0597864 -0.0365544 0.06 -0.0622288 -0.0421328 0.055 -0.058292 -0.0376597 0.06 -0.0570059 -0.0390016 0.06 -0.061642 -0.042745 0.055 -0.0611671 -0.0434476 0.055 -0.055965 -0.0405416 0.06 -0.0608178 -0.0442204 0.055 -0.0551994 -0.0422353 0.06 -0.054731 -0.0440341 0.06 -0.0606041 -0.0450411 0.055 -0.0605322 -0.0458861 0.055 -0.0545734 -0.0458861 0.06 -0.0705141 -0.0463101 0.055 -0.0761373 -0.0486475 0.06 -0.0755181 -0.0504 0.06 -0.0703708 -0.047146 0.055 -0.0746116 -0.0520227 0.06 -0.0700883 -0.0479456 0.055 -0.0696747 -0.048686 0.055 -0.0734439 -0.0534689 0.06 -0.0720486 -0.0546969 0.06 -0.0691419 -0.0493458 0.055 -0.0704658 -0.0556715 0.06 -0.0685053 -0.0499061 0.055 -0.0677832 -0.0503507 0.055 -0.0687411 -0.0563645 0.06 -0.0669241 -0.0567561 0.06 -0.0669963 -0.050667 0.055 -0.0650671 -0.056835 0.06 -0.0661673 -0.0508456 0.055 -0.06532 -0.0508816 0.055 -0.0632234 -0.0565989 0.06 -0.0614461 -0.0560546 0.06 -0.0644788 -0.0507739 0.055 -0.0597864 -0.0552178 0.06 -0.0636679 -0.0505256 0.055 -0.0629106 -0.0501438 0.055 -0.058292 -0.0541126 0.06 -0.0570059 -0.0527706 0.06 -0.0622288 -0.0496395 0.055 -0.055965 -0.0512307 0.06 -0.061642 -0.0490272 0.055 -0.0611671 -0.0483246 0.055 -0.0551994 -0.0495369 0.06 -0.054731 -0.0477382 0.06 -0.0608178 -0.0475518 0.055 -0.0606041 -0.0467311 0.055 -0.0720486 -0.0370753 0.06 -0.0704658 -0.0361007 0.06 -0.055965 -0.0512307 0.06 -0.0570059 -0.0390016 0.06 -0.055965 -0.0405416 0.06 -0.0597864 -0.0365544 0.06 -0.058292 -0.0376597 0.06 -0.0551994 -0.0422353 0.06 -0.0614461 -0.0357176 0.06 -0.0632234 -0.0351733 0.06 -0.054731 -0.0440341 0.06 -0.0545734 -0.0458861 0.06 -0.0650671 -0.0349372 0.06 -0.0687411 -0.0354077 0.06 -0.054731 -0.0477382 0.06 -0.0551994 -0.0495369 0.06 -0.0669241 -0.0350161 0.06 -0.0746116 -0.0397495 0.06 -0.0597864 -0.0552178 0.06 -0.0755181 -0.0413722 0.06 -0.058292 -0.0541126 0.06 -0.0734439 -0.0383033 0.06 -0.0570059 -0.0527706 0.06 -0.0761373 -0.0431247 0.06 -0.0614461 -0.0560546 0.06 -0.0632234 -0.0565989 0.06 -0.0761373 -0.0486475 0.06 -0.0669241 -0.0567561 0.06 -0.0687411 -0.0563645 0.06 -0.0764515 -0.0468155 0.06 -0.0764515 -0.0449567 0.06 -0.0650671 -0.056835 0.06 -0.0746116 -0.0520227 0.06 -0.0720486 -0.0546969 0.06 -0.0734439 -0.0534689 0.06 -0.0704658 -0.0556715 0.06 -0.0755181 -0.0504 0.06 0.0546129 -0.0468155 0.06 0.0605502 -0.0454621 0.055 0.0546129 -0.0449567 0.06 0.0606935 -0.0446262 0.055 0.054927 -0.0431247 0.06 0.0555462 -0.0413722 0.06 0.060976 -0.0438266 0.055 0.0613896 -0.0430862 0.055 0.0564527 -0.0397495 0.06 0.0619224 -0.0424264 0.055 0.0576204 -0.0383033 0.06 0.0590157 -0.0370753 0.06 0.062559 -0.0418661 0.055 0.0632811 -0.0414215 0.055 0.0605985 -0.0361007 0.06 0.064068 -0.0411053 0.055 0.0623232 -0.0354077 0.06 0.0641402 -0.0350161 0.06 0.0648971 -0.0409266 0.055 0.0657444 -0.0408906 0.055 0.0659973 -0.0349372 0.06 0.0665856 -0.0409983 0.055 0.0678409 -0.0351733 0.06 0.0696182 -0.0357176 0.06 0.0673964 -0.0412467 0.055 0.0681537 -0.0416285 0.055 0.0712779 -0.0365544 0.06 0.0688355 -0.0421328 0.055 0.0727723 -0.0376597 0.06 0.0740585 -0.0390016 0.06 0.0694223 -0.042745 0.055 0.0698972 -0.0434476 0.055 0.0750993 -0.0405416 0.06 0.0702466 -0.0442204 0.055 0.0758649 -0.0422353 0.06 0.0763333 -0.0440341 0.06 0.0704602 -0.0450411 0.055 0.0705322 -0.0458861 0.055 0.0764909 -0.0458861 0.06 0.0605502 -0.0463101 0.055 0.054927 -0.0486475 0.06 0.0555462 -0.0504 0.06 0.0606935 -0.047146 0.055 0.0564527 -0.0520227 0.06 0.060976 -0.0479456 0.055 0.0613896 -0.048686 0.055 0.0576204 -0.0534689 0.06 0.0590157 -0.0546969 0.06 0.0619224 -0.0493458 0.055 0.0605985 -0.0556715 0.06 0.062559 -0.0499061 0.055 0.0632811 -0.0503507 0.055 0.0623232 -0.0563645 0.06 0.0641402 -0.0567561 0.06 0.064068 -0.050667 0.055 0.0659973 -0.056835 0.06 0.0648971 -0.0508456 0.055 0.0657444 -0.0508816 0.055 0.0678409 -0.0565989 0.06 0.0696182 -0.0560546 0.06 0.0665856 -0.0507739 0.055 0.0712779 -0.0552178 0.06 0.0673964 -0.0505256 0.055 0.0681537 -0.0501438 0.055 0.0727723 -0.0541126 0.06 0.0740585 -0.0527706 0.06 0.0688355 -0.0496395 0.055 0.0750993 -0.0512307 0.06 0.0694223 -0.0490272 0.055 0.0698972 -0.0483246 0.055 0.0758649 -0.0495369 0.06 0.0763333 -0.0477382 0.06 0.0702466 -0.0475518 0.055 0.0704602 -0.0467311 0.055 0.0590157 -0.0370753 0.06 0.0605985 -0.0361007 0.06 0.0750993 -0.0512307 0.06 0.0740585 -0.0390016 0.06 0.0750993 -0.0405416 0.06 0.0712779 -0.0365544 0.06 0.0727723 -0.0376597 0.06 0.0758649 -0.0422353 0.06 0.0696182 -0.0357176 0.06 0.0678409 -0.0351733 0.06 0.0763333 -0.0440341 0.06 0.0764909 -0.0458861 0.06 0.0659973 -0.0349372 0.06 0.0623232 -0.0354077 0.06 0.0763333 -0.0477382 0.06 0.0758649 -0.0495369 0.06 0.0641402 -0.0350161 0.06 0.0564527 -0.0397495 0.06 0.0712779 -0.0552178 0.06 0.0555462 -0.0413722 0.06 0.0727723 -0.0541126 0.06 0.0576204 -0.0383033 0.06 0.0740585 -0.0527706 0.06 0.054927 -0.0431247 0.06 0.0696182 -0.0560546 0.06 0.0678409 -0.0565989 0.06 0.054927 -0.0486475 0.06 0.0641402 -0.0567561 0.06 0.0623232 -0.0563645 0.06 0.0546129 -0.0468155 0.06 0.0546129 -0.0449567 0.06 0.0659973 -0.056835 0.06 0.0564527 -0.0520227 0.06 0.0590157 -0.0546969 0.06 0.0576204 -0.0534689 0.06 0.0605985 -0.0556715 0.06 0.0555462 -0.0504 0.06 0.0546129 0.0449567 0.06 0.0605502 0.0463101 0.055 0.0546129 0.0468155 0.06 0.0606935 0.047146 0.055 0.054927 0.0486475 0.06 0.0555462 0.0504 0.06 0.060976 0.0479456 0.055 0.0613896 0.048686 0.055 0.0564527 0.0520227 0.06 0.0619224 0.0493458 0.055 0.0576204 0.0534689 0.06 0.0590157 0.0546969 0.06 0.062559 0.0499061 0.055 0.0632811 0.0503507 0.055 0.0605985 0.0556715 0.06 0.064068 0.050667 0.055 0.0623232 0.0563645 0.06 0.0641402 0.0567561 0.06 0.0648971 0.0508456 0.055 0.0657444 0.0508816 0.055 0.0659973 0.056835 0.06 0.0665856 0.0507739 0.055 0.0678409 0.0565989 0.06 0.0696182 0.0560546 0.06 0.0673964 0.0505256 0.055 0.0681537 0.0501438 0.055 0.0712779 0.0552178 0.06 0.0688355 0.0496395 0.055 0.0727723 0.0541126 0.06 0.0740585 0.0527706 0.06 0.0694223 0.0490272 0.055 0.0698972 0.0483246 0.055 0.0750993 0.0512307 0.06 0.0702466 0.0475518 0.055 0.0758649 0.0495369 0.06 0.0763333 0.0477382 0.06 0.0704602 0.0467311 0.055 0.0705322 0.0458861 0.055 0.0764909 0.0458861 0.06 0.0605502 0.0454621 0.055 0.054927 0.0431247 0.06 0.0555462 0.0413722 0.06 0.0606935 0.0446262 0.055 0.0564527 0.0397495 0.06 0.060976 0.0438266 0.055 0.0613896 0.0430862 0.055 0.0576204 0.0383033 0.06 0.0590157 0.0370753 0.06 0.0619224 0.0424264 0.055 0.0605985 0.0361007 0.06 0.062559 0.0418661 0.055 0.0632811 0.0414215 0.055 0.0623232 0.0354077 0.06 0.0641402 0.0350161 0.06 0.064068 0.0411053 0.055 0.0659973 0.0349372 0.06 0.0648971 0.0409266 0.055 0.0657444 0.0408906 0.055 0.0678409 0.0351733 0.06 0.0696182 0.0357176 0.06 0.0665856 0.0409983 0.055 0.0712779 0.0365544 0.06 0.0673964 0.0412467 0.055 0.0681537 0.0416285 0.055 0.0727723 0.0376597 0.06 0.0740585 0.0390016 0.06 0.0688355 0.0421328 0.055 0.0750993 0.0405416 0.06 0.0694223 0.042745 0.055 0.0698972 0.0434476 0.055 0.0758649 0.0422353 0.06 0.0763333 0.0440341 0.06 0.0702466 0.0442204 0.055 0.0704602 0.0450411 0.055 0.0590157 0.0546969 0.06 0.0605985 0.0556715 0.06 0.0750993 0.0405416 0.06 0.0740585 0.0527706 0.06 0.0750993 0.0512307 0.06 0.0712779 0.0552178 0.06 0.0727723 0.0541126 0.06 0.0758649 0.0495369 0.06 0.0696182 0.0560546 0.06 0.0678409 0.0565989 0.06 0.0763333 0.0477382 0.06 0.0764909 0.0458861 0.06 0.0659973 0.056835 0.06 0.0623232 0.0563645 0.06 0.0763333 0.0440341 0.06 0.0758649 0.0422353 0.06 0.0641402 0.0567561 0.06 0.0564527 0.0520227 0.06 0.0712779 0.0365544 0.06 0.0555462 0.0504 0.06 0.0727723 0.0376597 0.06 0.0576204 0.0534689 0.06 0.0740585 0.0390016 0.06 0.054927 0.0486475 0.06 0.0696182 0.0357176 0.06 0.0678409 0.0351733 0.06 0.054927 0.0431247 0.06 0.0641402 0.0350161 0.06 0.0623232 0.0354077 0.06 0.0546129 0.0449567 0.06 0.0546129 0.0468155 0.06 0.0659973 0.0349372 0.06 0.0564527 0.0397495 0.06 0.0590157 0.0370753 0.06 0.0576204 0.0383033 0.06 0.0605985 0.0361007 0.06 0.0555462 0.0413722 0.06 -0.0764515 0.0449567 0.06 -0.0705141 0.0463101 0.055 -0.0764515 0.0468155 0.06 -0.0703708 0.047146 0.055 -0.0761373 0.0486475 0.06 -0.0755181 0.0504 0.06 -0.0700883 0.0479456 0.055 -0.0696747 0.048686 0.055 -0.0746116 0.0520227 0.06 -0.0691419 0.0493458 0.055 -0.0734439 0.0534689 0.06 -0.0720486 0.0546969 0.06 -0.0685053 0.0499061 0.055 -0.0677832 0.0503507 0.055 -0.0704658 0.0556715 0.06 -0.0669963 0.050667 0.055 -0.0687411 0.0563645 0.06 -0.0669241 0.0567561 0.06 -0.0661673 0.0508456 0.055 -0.06532 0.0508816 0.055 -0.0650671 0.056835 0.06 -0.0644788 0.0507739 0.055 -0.0632234 0.0565989 0.06 -0.0614461 0.0560546 0.06 -0.0636679 0.0505256 0.055 -0.0629106 0.0501438 0.055 -0.0597864 0.0552178 0.06 -0.0622288 0.0496395 0.055 -0.058292 0.0541126 0.06 -0.0570059 0.0527706 0.06 -0.061642 0.0490272 0.055 -0.0611671 0.0483246 0.055 -0.055965 0.0512307 0.06 -0.0608178 0.0475518 0.055 -0.0551994 0.0495369 0.06 -0.054731 0.0477382 0.06 -0.0606041 0.0467311 0.055 -0.0605322 0.0458861 0.055 -0.0545734 0.0458861 0.06 -0.0705141 0.0454621 0.055 -0.0761373 0.0431247 0.06 -0.0755181 0.0413722 0.06 -0.0703708 0.0446262 0.055 -0.0746116 0.0397495 0.06 -0.0700883 0.0438266 0.055 -0.0696747 0.0430862 0.055 -0.0734439 0.0383033 0.06 -0.0720486 0.0370753 0.06 -0.0691419 0.0424264 0.055 -0.0704658 0.0361007 0.06 -0.0685053 0.0418661 0.055 -0.0677832 0.0414215 0.055 -0.0687411 0.0354077 0.06 -0.0669241 0.0350161 0.06 -0.0669963 0.0411053 0.055 -0.0650671 0.0349372 0.06 -0.0661673 0.0409266 0.055 -0.06532 0.0408906 0.055 -0.0632234 0.0351733 0.06 -0.0614461 0.0357176 0.06 -0.0644788 0.0409983 0.055 -0.0597864 0.0365544 0.06 -0.0636679 0.0412467 0.055 -0.0629106 0.0416285 0.055 -0.058292 0.0376597 0.06 -0.0570059 0.0390016 0.06 -0.0622288 0.0421328 0.055 -0.055965 0.0405416 0.06 -0.061642 0.042745 0.055 -0.0611671 0.0434476 0.055 -0.0551994 0.0422353 0.06 -0.054731 0.0440341 0.06 -0.0608178 0.0442204 0.055 -0.0606041 0.0450411 0.055 -0.0720486 0.0546969 0.06 -0.0704658 0.0556715 0.06 -0.055965 0.0405416 0.06 -0.0570059 0.0527706 0.06 -0.055965 0.0512307 0.06 -0.0597864 0.0552178 0.06 -0.058292 0.0541126 0.06 -0.0551994 0.0495369 0.06 -0.0614461 0.0560546 0.06 -0.0632234 0.0565989 0.06 -0.054731 0.0477382 0.06 -0.0545734 0.0458861 0.06 -0.0650671 0.056835 0.06 -0.0687411 0.0563645 0.06 -0.054731 0.0440341 0.06 -0.0551994 0.0422353 0.06 -0.0669241 0.0567561 0.06 -0.0746116 0.0520227 0.06 -0.0597864 0.0365544 0.06 -0.0755181 0.0504 0.06 -0.058292 0.0376597 0.06 -0.0734439 0.0534689 0.06 -0.0570059 0.0390016 0.06 -0.0761373 0.0486475 0.06 -0.0614461 0.0357176 0.06 -0.0632234 0.0351733 0.06 -0.0761373 0.0431247 0.06 -0.0669241 0.0350161 0.06 -0.0687411 0.0354077 0.06 -0.0764515 0.0449567 0.06 -0.0764515 0.0468155 0.06 -0.0650671 0.0349372 0.06 -0.0746116 0.0397495 0.06 -0.0720486 0.0370753 0.06 -0.0734439 0.0383033 0.06 -0.0704658 0.0361007 0.06 -0.0755181 0.0413722 0.06 -0.0634424 -0.0431234 0.035 -0.0620947 -0.0463145 0.032 -0.0620947 -0.0463145 0.035 -0.0634424 -0.0431234 0.032 -0.0620947 -0.0463145 0.035 -0.0641844 -0.0490773 0.032 -0.0641844 -0.0490773 0.035 -0.0620947 -0.0463145 0.032 -0.0641844 -0.0490773 0.035 -0.0676219 -0.0486489 0.032 -0.0676219 -0.0486489 0.035 -0.0641844 -0.0490773 0.032 -0.0676219 -0.0486489 0.035 -0.0689697 -0.0454577 0.032 -0.0689697 -0.0454577 0.035 -0.0676219 -0.0486489 0.032 -0.0689697 -0.0454577 0.035 -0.0668799 -0.0426949 0.032 -0.0668799 -0.0426949 0.035 -0.0689697 -0.0454577 0.032 -0.0668799 -0.0426949 0.035 -0.0634424 -0.0431234 0.032 -0.0634424 -0.0431234 0.035 -0.0668799 -0.0426949 0.032 -0.0634424 -0.0431234 0.032 -0.0668799 -0.0426949 0.032 -0.0689697 -0.0454577 0.032 -0.0620947 -0.0463145 0.032 -0.0676219 -0.0486489 0.032 -0.0641844 -0.0490773 0.032 0.0667975 0.0491108 0.035 0.0689575 0.0464026 0.032 0.0689575 0.0464026 0.035 0.0667975 0.0491108 0.032 0.0689575 0.0464026 0.035 0.0676922 0.0431779 0.032 0.0676922 0.0431779 0.035 0.0689575 0.0464026 0.032 0.0676922 0.0431779 0.035 0.0642668 0.0426614 0.032 0.0642668 0.0426614 0.035 0.0676922 0.0431779 0.032 0.0642668 0.0426614 0.035 0.0621068 0.0453696 0.032 0.0621068 0.0453696 0.035 0.0642668 0.0426614 0.032 0.0621068 0.0453696 0.035 0.0633721 0.0485943 0.032 0.0633721 0.0485943 0.035 0.0621068 0.0453696 0.032 0.0633721 0.0485943 0.035 0.0667975 0.0491108 0.032 0.0667975 0.0491108 0.035 0.0633721 0.0485943 0.032 0.0676922 0.0431779 0.032 0.0621068 0.0453696 0.032 0.0642668 0.0426614 0.032 0.0689575 0.0464026 0.032 0.0633721 0.0485943 0.032 0.0667975 0.0491108 0.032 -0.0636492 0.0487937 0.035 -0.0620726 0.0457092 0.032 -0.0620726 0.0457092 0.035 -0.0636492 0.0487937 0.032 -0.0620726 0.0457092 0.035 -0.0639556 0.0428016 0.032 -0.0639556 0.0428016 0.035 -0.0620726 0.0457092 0.032 -0.0639556 0.0428016 0.035 -0.0674152 0.0429785 0.032 -0.0674152 0.0429785 0.035 -0.0639556 0.0428016 0.032 -0.0674152 0.0429785 0.035 -0.0689917 0.046063 0.032 -0.0689917 0.046063 0.035 -0.0674152 0.0429785 0.032 -0.0689917 0.046063 0.035 -0.0671087 0.0489707 0.032 -0.0671087 0.0489707 0.035 -0.0689917 0.046063 0.032 -0.0671087 0.0489707 0.035 -0.0636492 0.0487937 0.032 -0.0636492 0.0487937 0.035 -0.0671087 0.0489707 0.032 -0.0636492 0.0487937 0.032 -0.0671087 0.0489707 0.032 -0.0689917 0.046063 0.032 -0.0620726 0.0457092 0.032 -0.0674152 0.0429785 0.032 -0.0639556 0.0428016 0.032 0.0674152 -0.0429785 0.035 0.0689917 -0.046063 0.032 0.0689917 -0.046063 0.035 0.0674152 -0.0429785 0.032 0.0689917 -0.046063 0.035 0.0671087 -0.0489707 0.032 0.0671087 -0.0489707 0.035 0.0689917 -0.046063 0.032 0.0671087 -0.0489707 0.035 0.0636492 -0.0487937 0.032 0.0636492 -0.0487937 0.035 0.0671087 -0.0489707 0.032 0.0636492 -0.0487937 0.035 0.0620726 -0.0457092 0.032 0.0620726 -0.0457092 0.035 0.0636492 -0.0487937 0.032 0.0620726 -0.0457092 0.035 0.0639556 -0.0428016 0.032 0.0639556 -0.0428016 0.035 0.0620726 -0.0457092 0.032 0.0639556 -0.0428016 0.035 0.0674152 -0.0429785 0.032 0.0674152 -0.0429785 0.035 0.0639556 -0.0428016 0.032 0.0674152 -0.0429785 0.032 0.0639556 -0.0428016 0.032 0.0620726 -0.0457092 0.032 0.0689917 -0.046063 0.032 0.0636492 -0.0487937 0.032 0.0671087 -0.0489707 0.032</float_array>
          <technique_common>
            <accessor count="2711" source="#ID5" stride="3">
              <param name="X" type="float"/>
              <param name="Y" type="float"/>
              <param name="Z" type="float"/>
            </accessor>
          </technique_common>
        </source>
        <source id="ID6">
          <float_array count="8133" id="ID7">-0 -0 -1 -0 -0 -1 -0 -0 -1 -0 -0 -1 -0 -0 -1 -0 -0 -1 -0 -0 -1 -0 -0 -1 -0 -0 -1 -0 -0 -1 -0 -0 -1 -0 -0 -1 -0 -0 -1 -0 -0 -1 -0 -0 -1 -0 -0 -1 -0 -0 -1 -0 -0 -1 -0 -0 -1 -0 -0 -1 -0 -0 -1 -0 -0 -1 -0 -0 -1 -0 -0 -1 -0 -0 -1 -0 -0 -1 -0 -0 -1 -0 -0 -1 -0 -0 -1 -0 -0 -1 -0 -0 -1 -0 -0 -1 -0 -0 -1 -0 -0 -1 -0 -0 -1 -0 -0 -1 -0 -0 -1 -0 -0 -1 -0 -0 -1 -0 -0 -1 -0 -0 -1 -0 -0 -1 -0 -0 -1 -0 -0 -1 -0 -0 -1 -0 -0 -1 -0 -0 -1 -0 -0 -1 -0 -0 -1 -0 -0 -1 -0 -0 -1 -0 -0 -1 -0 -0 -1 -0 -0 -1 -0 -0 -1 -0 -0 -1 -0 -0 -1 -0 -0 -1 -0 -0 -1 -0 -0 -1 -0 -0 -1 -0 -0 -1 -0 -0 -1 -0 -0 -1 -0 -0 -1 -0 -0 -1 -0 -0 -1 -0 -0 -1 -0 -0 -1 -0 -0 -1 -0 -0 -1 -0 -0 -1 -0 -0 -1 -0 -0 -1 -0 -0 -1 -0 -0 -1 -0 -0 -1 -0 -0 -1 -0 -0 -1 -0 -0 -1 -0 -0 -1 -0 -0 -1 -0 -0 -1 -0 -0 -1 -0 -0 -1 -0 -0 -1 -0 -0 -1 -0 -0 -1 -0 -0 -1 -0 -0 -1 -0 -0 -1 -0 -0 -1 -0 -0 -1 -0 -0 -1 -0 -0 -1 -0 -0 -1 -0 -0 -1 -0 -0 -1 -0 -0 -1 -0 -0 -1 -0 -0 -1 -0 -0 -1 -0 -0 -1 -0 -0 -1 -0 -0 -1 -0 -0 -1 -0 -0 -1 -0 -0 -1 -0 -0 -1 -0 -0 -1 -0 -0 -1 -0 -0 -1 -0 -0 -1 -0 -0 -1 -0 -0 -1 -0 -0 -1 -0 -0 -1 -0 -0 -1 -0 -0 -1 -0 -0 -1 -0 -0 -1 -0 -0 -1 -0 -0 -1 -0 -0 -1 -0 -0 -1 -0 -0 -1 -0 -0 -1 -0 -0 -1 -0 -0 -1 -0 -0 -1 -0 -0 -1 -0 -0 -1 -0 -0 -1 -0 -0 -1 -0 -0 -1 -0 -0 -1 -0 -0 -1 -0 -0 -1 -0 -0 -1 -0 -0 -1 -0 -0 -1 -0 -0 -1 -0 -0 -1 -0 -0 -1 -0 -0 -1 -0 -0 -1 -0 -0 -1 -0 -0 -1 -0 -0 -1 -0 -0 -1 -0 -0 -1 -0 -0 -1 -0 -0 -1 -0 -0 -1 -0 -0 -1 -0 -0 -1 -0 -0 -1 -0 -0 -1 -0 -0 -1 -0 -0 -1 -0 -0 -1 -0 -0 -1 -0 -0 -1 -0 -0 -1 -0 -0 -1 -0 -0 -1 -0 -0 -1 -0 -0 -1 -0 -0 -1 -0 -0 -1 -0 -0 -1 -0 -0 -1 -0 -0 -1 -0 -0 -1 -0 -0 -1 -0 -0 -1 -0 -0 -1 -0 -0 -1 -0 -0 -1 -0 -0 -1 -0 -0 -1 -0 -0 -1 -0 -0 -1 -0 -0 -1 -0 -0 -1 -0 -0 -1 -0 -0 -1 -0 -0 -1 -0 -0 -1 -0 -0 -1 -0 -0 -1 -0 -0 -1 -0 -0 -1 -0 -0 -1 -0 -0 -1 -0 -0 -1 -0 -0 -1 -0 -0 -1 -0 -0 -1 -0 -0 -1 -0 -0 -1 -0 -0 -1 -0 -0 -1 -0 -0 -1 -0 -0 -1 -0 -0 -1 -0 -0 -1 -0 -0 -1 -0 -0 -1 -0 -0 -1 -0 -0 -1 -0 -0 -1 -0 -0 -1 -0 -0 -1 -0 -0 -1 -0 -0 -1 -0 -0 -1 -0 -0 -1 0.0825794 -0.996584 0 -0.0825794 -0.996584 0 -0.0825794 -0.996584 0 1 -8.74228e-08 0 0.986361 0.164595 0 1 -8.74228e-08 0 -0.245485 -0.9694 0 -0.245486 -0.9694 0 -0.401695 -0.915773 0 -0.401695 -0.915773 0 -0.546948 -0.837166 0 -0.546948 -0.837166 0 -0.677282 -0.735724 0 -0.677282 -0.735724 0 -0.78914 -0.614213 0 -0.789141 -0.614213 0 -0.879474 -0.475947 0 -0.879474 -0.475948 0 -0.945817 -0.324699 0 -0.945817 -0.3247 0 -0.986361 -0.164595 0 -0.986361 -0.164595 0 -1 1.74846e-07 0 -1 -3.01992e-07 0 0.0825794 -0.996584 0 0.245486 -0.9694 0 0.245486 -0.9694 0 0.401695 -0.915773 0 0.401695 -0.915773 0 0.546948 -0.837167 0 0.546948 -0.837167 0 0.677282 -0.735724 0 0.677282 -0.735724 0 0.78914 -0.614213 0 0.78914 -0.614213 0 0.879474 -0.475947 0 0.879474 -0.475947 0 0.945817 -0.324699 0 0.945817 -0.324699 0 0.986361 -0.164595 0 0.986361 -0.164595 0 0.945817 0.3247 0 0.945817 0.324699 0 0.986361 0.164595 0 0.677282 0.735724 0 0.677282 0.735724 0 0.789141 0.614213 0 0.879474 0.475947 0 0.78914 0.614213 0 0.879474 0.475947 0 0.401695 0.915773 0 0.245485 0.9694 0 0.245485 0.9694 0 0.546948 0.837166 0 0.546948 0.837166 0 0.401695 0.915773 0 -0.245485 0.9694 0 -0.0825794 0.996584 0 -0.245485 0.9694 0 -0.0825794 0.996584 0 0.0825792 0.996584 0 0.0825794 0.996584 0 -0.677282 0.735724 0 -0.677282 0.735724 0 -0.546948 0.837166 0 -0.401695 0.915773 0 -0.546948 0.837166 0 -0.401695 0.915773 0 -0.879474 0.475947 0 -0.789141 0.614213 0 -0.789141 0.614213 0 -0.879474 0.475947 0 -0.945817 0.324699 0 -0.945817 0.324699 0 -0.986361 0.164595 0 -0.986361 0.164595 0 -0 -0 -1 -0 -0 -1 -0 -0 -1 -0 -0 -1 -0 -0 -1 -0 -0 -1 -0 -0 -1 -0 -0 -1 -0 -0 -1 -0 -0 -1 -0 -0 -1 -0 -0 -1 -0 -0 -1 -0 -0 -1 -0 -0 -1 -0 -0 -1 -0 -0 -1 -0 -0 -1 -0 -0 -1 -0 -0 -1 -0 -0 -1 -0 -0 -1 -0 -0 -1 -0 -0 -1 -0 -0 -1 -0 -0 -1 -0 -0 -1 -0 -0 -1 -0 -0 -1 -0 -0 -1 -0 -0 -1 -0 -0 -1 -0 -0 -1 -0 -0 -1 -0 -0 -1 -0 -0 -1 -0 -0 -1 -0.585668 -0.0498478 -0.809017 -0.704559 -0.0599668 -0.707107 -0.68429 -0.178175 -0.707107 0.39634 0.221409 -0.891007 0.457318 0.369258 -0.809017 0.353221 0.285206 -0.891007 -0.644336 -0.291258 -0.707107 -0.568819 -0.148109 -0.809017 -0.452355 -0.0385011 -0.891007 -0.535607 -0.242109 -0.809017 -0.486986 -0.329145 -0.809017 -0.413689 -0.186999 -0.891007 -0.439341 -0.114396 -0.891007 -0.424355 -0.406711 -0.809017 -0.376135 -0.254223 -0.891007 -0.585845 -0.395962 -0.707107 -0.5105 -0.489275 -0.707107 -0.349517 -0.472578 -0.809017 -0.327761 -0.314134 -0.891007 -0.420469 -0.568512 -0.707107 -0.269958 -0.365007 -0.891007 -0.264623 -0.524849 -0.809017 -0.318342 -0.631394 -0.707107 0.588666 -0.668854 -0.45399 0.739956 -0.597473 -0.309017 0.693235 -0.559748 -0.45399 -0.207057 -0.676112 -0.707107 -0.0746591 -0.583024 -0.809017 -0.132939 -0.43409 -0.891007 -0.172117 -0.562021 -0.809017 -0.0898154 -0.701379 -0.707107 -0.0576648 -0.450313 -0.891007 0.0249462 -0.587256 -0.809017 0.0300107 -0.70647 -0.707107 0.973481 -0.16692 -0.156435 0.986361 -0.164595 -1.74846e-07 1 -3.01992e-07 -1.74846e-07 0.21916 -0.545399 -0.809017 0.30818 -0.500516 -0.809017 0.169273 -0.421253 -0.891007 0.263649 -0.656117 -0.707107 0.424173 -0.688902 -0.587785 0.370741 -0.602122 -0.707107 0.862266 -0.481691 -0.156435 0.931269 -0.329038 -0.156435 0.830286 -0.463825 -0.309017 -0.204388 -0.40538 -0.891007 0.945817 -0.3247 -1.74846e-07 0.768457 -0.620485 -0.156435 0.301647 -0.750678 -0.587785 0.467161 -0.758718 -0.45399 0.170443 -0.790859 -0.587785 0.332218 -0.826755 -0.45399 0.148973 -0.691236 -0.707107 0.0956464 -0.443801 -0.891007 0.123834 -0.574592 -0.809017 0.23803 -0.386586 -0.891007 0.13657 -0.0762924 -0.987688 0.291365 -0.102946 -0.951057 0.147499 -0.0521146 -0.987688 0.29994 -0.340798 -0.891007 0.457318 -0.369258 -0.809017 0.353221 -0.285206 -0.891007 9.18807e-08 -1.04397e-07 -1 0.103352 -0.117431 -0.987688 0.121712 -0.0982753 -0.987688 0.309017 -9.33205e-08 -0.951057 0.156435 2.73519e-08 -0.987688 0.154184 -0.0264376 -0.987688 0.304572 -0.0522241 -0.951057 1.37071e-07 -2.35031e-08 -1 1.39071e-07 2.43159e-14 -1 -0.452355 0.0385011 -0.891007 -0.585668 0.0498477 -0.809017 -0.439341 0.114396 -0.891007 -0.568819 0.148109 -0.809017 -0.704559 0.0599669 -0.707107 -0.413689 0.186999 -0.891007 -0.535607 0.242109 -0.809017 -0.68429 0.178176 -0.707107 -0.486986 0.329145 -0.809017 -0.376135 0.254223 -0.891007 -0.644336 0.291258 -0.707107 -0.585845 0.395962 -0.707107 -0.5105 0.489275 -0.707107 -0.424355 0.406711 -0.809017 -0.327761 0.314134 -0.891007 -0.349517 0.472578 -0.809017 -0.420469 0.568512 -0.707107 -0.269958 0.365007 -0.891007 -0.318342 0.631394 -0.707107 -0.264623 0.524849 -0.809017 -0.204388 0.40538 -0.891007 -0.172117 0.562021 -0.809017 -0.207057 0.676112 -0.707107 -0.132939 0.43409 -0.891007 -0.0746592 0.583024 -0.809017 -0.0898152 0.701379 -0.707107 -0.0576648 0.450313 -0.891007 0.0192679 0.453581 -0.891007 0.0249463 0.587256 -0.809017 0.0300105 0.70647 -0.707107 0.123834 0.574592 -0.809017 0.0956463 0.443801 -0.891007 0.169273 0.421253 -0.891007 0.219159 0.545399 -0.809017 0.23803 0.386586 -0.891007 0.30818 0.500516 -0.809017 0.388335 0.441234 -0.809017 0.29994 0.340798 -0.891007 0.513145 0.28666 -0.809017 0.428057 0.151242 -0.891007 0.554209 0.195815 -0.809017 0.57933 0.0993362 -0.809017 0.44746 0.0767247 -0.891007 0.587785 1.60367e-09 -0.809017 0.696936 0.119502 -0.707107 0.87819 0.150581 -0.45399 0.79738 0.136725 -0.587785 0.809017 9.57347e-10 -0.587785 0.707107 1.39478e-09 -0.707107 0.891007 3.51208e-10 -0.45399 0.937376 0.160729 -0.309017 0.951057 5.1896e-09 -0.309017 0.973481 0.16692 -0.156435 0.45399 2.68614e-10 -0.891007 0.987688 -1.10369e-09 -0.156435 0.986361 0.164595 -1.74846e-07 0.304572 0.0522241 -0.951057 0.154184 0.0264376 -0.987688 0.0192678 -0.453581 -0.891007 1.08202e-07 -8.73671e-08 -1 1.37071e-07 2.35031e-08 -1 0.147499 0.0521146 -0.987688 1.31127e-07 4.63301e-08 -1 0.13657 0.0762924 -0.987688 1.21411e-07 6.78242e-08 -1 0.291365 0.102946 -0.951057 0.84011 0.29683 -0.45399 0.762804 0.269516 -0.587785 0.89673 0.316835 -0.309017 0.666715 0.235565 -0.707107 0.931269 0.329038 -0.156435 0.945817 0.324699 -1.74846e-07 0.121712 0.0982754 -0.987688 1.08202e-07 8.73671e-08 -1 0.269776 0.150706 -0.951057 0.706283 0.394554 -0.587785 0.777861 0.434539 -0.45399 0.830286 0.463825 -0.309017 0.617314 0.344852 -0.707107 0.862266 0.481691 -0.156435 0.879474 0.475947 -1.74846e-07 0.103352 0.117431 -0.987688 9.18806e-08 1.04397e-07 -1 0.240426 0.194131 -0.951057 0.629444 0.508241 -0.587785 0.693235 0.559748 -0.45399 0.739956 0.597473 -0.309017 0.550154 0.444219 -0.707107 0.768457 0.620486 -0.156435 0.789141 0.614213 -1.74846e-07 0.0820198 0.133209 -0.987688 7.29159e-08 1.18423e-07 -1 -1.76645e-08 1.37945e-07 -1 -0.0458076 0.149578 -0.987688 -4.07231e-08 1.32975e-07 -1 0.20416 0.23197 -0.951057 0.534497 0.607307 -0.587785 0.588666 0.668854 -0.45399 0.628339 0.713932 -0.309017 0.467168 0.530805 -0.707107 0.652541 0.74143 -0.156435 0.677282 0.735724 -1.74846e-07 0.0583277 0.145154 -0.987688 5.18535e-08 1.29042e-07 -1 0.16202 0.263137 -0.951057 0.424174 0.688902 -0.587785 0.467161 0.758718 -0.45399 0.498646 0.809852 -0.309017 0.370741 0.602122 -0.707107 0.517852 0.841045 -0.156435 0.546948 0.837166 -1.74846e-07 0.0329575 0.152924 -0.987688 0.115219 0.286733 -0.951057 0.301647 0.750678 -0.587785 0.332218 0.826755 -0.45399 0.354608 0.882475 -0.309017 0.263649 0.656117 -0.707107 0.368266 0.916465 -0.156435 0.401695 0.915773 -1.74846e-07 2.92994e-08 1.3595e-07 -1 0.00663928 0.156294 -0.987688 0.0651034 0.302081 -0.951057 0.170443 0.790859 -0.587785 0.187717 0.871008 -0.45399 0.0378154 0.890204 -0.45399 0.148973 0.691236 -0.707107 0.208086 0.96552 -0.156435 0.200368 0.92971 -0.309017 0.245485 0.9694 -1.74846e-07 5.90234e-09 1.38946e-07 -1 -0.01987 0.155168 -0.987688 0.013115 0.308738 -0.951057 0.0343357 0.808288 -0.587785 -0.113174 0.88379 -0.45399 0.0419187 0.986798 -0.156435 0.040364 0.9502 -0.309017 0.0825794 0.996584 -1.74846e-07 -8.26962e-08 1.11813e-07 -1 -6.26102e-08 1.2418e-07 -1 -0.0930212 0.125773 -0.987688 -0.0392507 0.306514 -0.951057 -0.10276 0.802464 -0.587785 -0.260907 0.851951 -0.45399 -0.125454 0.979688 -0.156435 -0.120801 0.943353 -0.309017 -0.0825793 0.996584 -1.74846e-07 -0.0704275 0.139685 -0.987688 -0.0904871 0.295472 -0.951057 -0.236899 0.773555 -0.587785 -0.401134 0.795603 -0.45399 -0.289218 0.944395 -0.156435 -0.278491 0.909369 -0.309017 -0.245486 0.9694 -1.74846e-07 -1.15222e-07 7.78762e-08 -1 -0.142548 0.0644356 -0.987688 -1.26725e-07 5.72835e-08 -1 -0.112939 0.108243 -0.987688 -1.00403e-07 9.62286e-08 -1 -0.139121 0.275929 -0.951057 -0.364222 0.722392 -0.587785 -0.529822 0.716367 -0.45399 -0.444661 0.881932 -0.156435 -0.428169 0.849223 -0.309017 -0.401695 0.915773 -1.74846e-07 -0.183752 0.248449 -0.951057 -0.481068 0.650447 -0.587785 -0.643268 0.616522 -0.45399 -0.587312 0.794099 -0.156435 -0.56553 0.764647 -0.309017 -0.546948 0.837167 -1.74846e-07 -0.155871 0.0132666 -0.987688 -1.3857e-07 1.1794e-08 -1 -1.34584e-07 3.50428e-08 -1 -0.223097 0.213821 -0.951057 -0.584075 0.55979 -0.587785 -0.738208 0.498941 -0.45399 -0.713068 0.68342 -0.156435 -0.686621 0.658073 -0.309017 -0.677282 0.735724 -1.74846e-07 -0.129608 0.0875995 -0.987688 -0.256023 0.173042 -0.951057 -0.670278 0.453029 -0.587785 -0.811911 0.367007 -0.45399 -0.789141 0.614213 -1.74846e-07 -0.818309 0.553081 -0.156435 -0.787959 0.532568 -0.309017 -0.151387 -0.0394181 -0.987688 -1.34584e-07 -3.50428e-08 -1 -1.3857e-07 -1.1794e-08 -1 -0.281585 0.127284 -0.951057 -0.737199 0.333235 -0.587785 -0.862256 0.224514 -0.45399 -0.879474 0.475947 -1.74846e-07 -0.90001 0.40683 -0.156435 -0.86663 0.391741 -0.309017 -0.151387 0.0394181 -0.987688 -0.299046 0.0778654 -0.951057 -0.782912 0.203855 -0.587785 -0.887797 0.0755626 -0.45399 -0.945817 0.324699 -1.74846e-07 -0.955819 0.248876 -0.156435 -0.920369 0.239645 -0.309017 -0.155871 -0.0132666 -0.987688 -0.307904 0.0262065 -0.951057 -0.94763 0.0806552 -0.309017 -0.887797 -0.0755628 -0.45399 -0.806103 0.0686094 -0.587785 -0.986361 0.164595 -1.74846e-07 -0.98413 0.0837618 -0.156435 -1.00403e-07 -9.62286e-08 -1 -1.15222e-07 -7.78762e-08 -1 -0.112939 -0.108243 -0.987688 -0.142548 -0.0644356 -0.987688 -1.26725e-07 -5.72835e-08 -1 -0.307904 -0.0262064 -0.951057 -0.94763 -0.0806552 -0.309017 -0.862256 -0.224514 -0.45399 -0.806103 -0.0686094 -0.587785 -1 -8.74228e-08 -1.74846e-07 -0.98413 -0.083762 -0.156435 -0.299046 -0.0778655 -0.951057 -0.920369 -0.239645 -0.309017 -0.811911 -0.367007 -0.45399 -0.782912 -0.203854 -0.587785 -0.986361 -0.164595 -1.74846e-07 -0.955819 -0.248876 -0.156435 -0.129608 -0.0875995 -0.987688 -0.281585 -0.127284 -0.951057 -0.86663 -0.391741 -0.309017 -0.738208 -0.498941 -0.45399 -0.737199 -0.333235 -0.587785 -0.945817 -0.3247 -1.74846e-07 -0.90001 -0.40683 -0.156435 -0.0930212 -0.125773 -0.987688 -8.26962e-08 -1.11813e-07 -1 -0.256023 -0.173042 -0.951057 -0.78796 -0.532568 -0.309017 -0.643268 -0.616522 -0.45399 -0.670278 -0.453029 -0.587785 -0.879474 -0.475947 -1.74846e-07 -0.818309 -0.553081 -0.156435 -0.01987 -0.155168 -0.987688 -1.76645e-08 -1.37945e-07 -1 -4.07231e-08 -1.32975e-07 -1 -0.0704275 -0.139685 -0.987688 -6.26102e-08 -1.2418e-07 -1 -0.223097 -0.213821 -0.951057 -0.686621 -0.658073 -0.309017 -0.529822 -0.716367 -0.45399 -0.584075 -0.55979 -0.587785 -0.78914 -0.614213 -1.74846e-07 -0.713068 -0.68342 -0.156435 -0.183752 -0.248449 -0.951057 -0.56553 -0.764647 -0.309017 -0.401135 -0.795603 -0.45399 -0.481068 -0.650447 -0.587785 -0.677281 -0.735724 -1.74846e-07 -0.587312 -0.794099 -0.156435 -0.0458076 -0.149578 -0.987688 -0.13912 -0.275929 -0.951057 -0.428169 -0.849223 -0.309017 -0.260907 -0.851951 -0.45399 -0.364222 -0.722392 -0.587785 -0.546948 -0.837167 -1.74846e-07 -0.444661 -0.881932 -0.156435 5.18535e-08 -1.29042e-07 -1 0.0820198 -0.133209 -0.987688 7.29159e-08 -1.18423e-07 -1 0.00663925 -0.156294 -0.987688 5.90238e-09 -1.38946e-07 -1 -0.0904872 -0.295472 -0.951057 -0.278491 -0.909369 -0.309017 -0.113174 -0.88379 -0.45399 -0.236899 -0.773555 -0.587785 -0.401695 -0.915773 -1.74846e-07 -0.289218 -0.944395 -0.156435 -0.0392506 -0.306514 -0.951057 -0.120801 -0.943353 -0.309017 0.0378152 -0.890204 -0.45399 -0.102759 -0.802464 -0.587785 -0.245485 -0.9694 -1.74846e-07 -0.125454 -0.979688 -0.156435 0.0329575 -0.152924 -0.987688 0.0131151 -0.308738 -0.951057 0.0403643 -0.9502 -0.309017 0.187717 -0.871008 -0.45399 0.0343355 -0.808288 -0.587785 -0.0825794 -0.996584 -1.74846e-07 0.0419185 -0.986798 -0.156435 2.92994e-08 -1.3595e-07 -1 0.0583277 -0.145154 -0.987688 0.0651034 -0.302081 -0.951057 0.200368 -0.92971 -0.309017 0.0825794 -0.996584 -1.74846e-07 0.208085 -0.96552 -0.156435 1.21411e-07 -6.78242e-08 -1 0.115219 -0.286733 -0.951057 0.354607 -0.882475 -0.309017 0.245486 -0.9694 -1.74846e-07 0.368266 -0.916465 -0.156435 0.16202 -0.263137 -0.951057 0.534497 -0.607307 -0.587785 0.498646 -0.809852 -0.309017 0.401696 -0.915773 -1.74846e-07 0.517852 -0.841045 -0.156435 0.388335 -0.441234 -0.809017 0.20416 -0.23197 -0.951057 0.467168 -0.530805 -0.707107 0.628339 -0.713932 -0.309017 0.546948 -0.837166 -1.74846e-07 0.65254 -0.74143 -0.156435 0.550154 -0.444219 -0.707107 0.240426 -0.194131 -0.951057 0.629444 -0.50824 -0.587785 0.777861 -0.434539 -0.45399 0.89673 -0.316835 -0.309017 0.84011 -0.29683 -0.45399 0.677282 -0.735724 -1.74846e-07 1.31127e-07 -4.63301e-08 -1 0.513145 -0.28666 -0.809017 0.39634 -0.221409 -0.891007 0.269776 -0.150706 -0.951057 0.617314 -0.344852 -0.707107 0.706283 -0.394553 -0.587785 0.789141 -0.614213 -1.74846e-07 0.44746 -0.0767248 -0.891007 0.428057 -0.151242 -0.891007 0.554209 -0.195815 -0.809017 0.666715 -0.235565 -0.707107 0.762804 -0.269516 -0.587785 0.879474 -0.475948 -1.74846e-07 0.57933 -0.0993362 -0.809017 0.696936 -0.119502 -0.707107 0.79738 -0.136725 -0.587785 0.87819 -0.150581 -0.45399 0.937376 -0.160729 -0.309017 0.0583924 0.704692 0.707107 -0.0583924 0.704692 0.707107 -0.0583924 0.704692 0.707107 0.707107 -6.18172e-08 0.707107 0.697463 -0.116386 0.707107 0.697463 -0.116386 0.707107 -0.173584 0.68547 0.707107 -0.173584 0.68547 0.707107 -0.284042 0.64755 0.707107 -0.284042 0.64755 0.707107 -0.386751 0.591966 0.707107 -0.386751 0.591966 0.707107 -0.47891 0.520235 0.707107 -0.47891 0.520235 0.707107 -0.558007 0.434314 0.707107 -0.558007 0.434314 0.707107 -0.621882 0.336546 0.707107 -0.621882 0.336546 0.707107 -0.668794 0.229597 0.707107 -0.668794 0.229597 0.707107 -0.697463 0.116386 0.707107 -0.697463 0.116386 0.707107 -0.707107 -3.14297e-27 0.707107 -0.707107 4.98722e-11 0.707107 0.0583925 0.704692 0.707107 0.173585 0.68547 0.707107 0.284042 0.64755 0.707107 0.173584 0.68547 0.707107 0.386751 0.591966 0.707107 0.284042 0.64755 0.707107 0.386751 0.591966 0.707107 0.47891 0.520235 0.707107 0.558007 0.434314 0.707107 0.47891 0.520235 0.707107 0.621882 0.336546 0.707107 0.558007 0.434314 0.707107 0.621882 0.336546 0.707107 0.668794 0.229597 0.707107 0.697463 0.116386 0.707107 0.668794 0.229597 0.707107 0.707107 1.0677e-07 0.707107 0.697463 0.116386 0.707107 0.621882 -0.336546 0.707107 0.668794 -0.229597 0.707107 0.668794 -0.229597 0.707107 0.386751 -0.591966 0.707107 0.47891 -0.520235 0.707107 0.47891 -0.520235 0.707107 0.558007 -0.434314 0.707107 0.558007 -0.434314 0.707107 0.621882 -0.336546 0.707107 0.173585 -0.685469 0.707107 0.0583924 -0.704692 0.707107 0.173585 -0.685469 0.707107 0.386751 -0.591966 0.707107 0.284041 -0.64755 0.707107 0.284041 -0.64755 0.707107 -0.173585 -0.685469 0.707107 -0.173584 -0.68547 0.707107 -0.284041 -0.64755 0.707107 -0.0583925 -0.704692 0.707107 0.0583924 -0.704692 0.707107 -0.0583925 -0.704692 0.707107 -0.558007 -0.434314 0.707107 -0.47891 -0.520235 0.707107 -0.47891 -0.520235 0.707107 -0.386751 -0.591966 0.707107 -0.386751 -0.591966 0.707107 -0.284041 -0.64755 0.707107 -0.558006 -0.434314 0.707107 -0.621882 -0.336545 0.707107 -0.668794 -0.229597 0.707107 -0.621882 -0.336546 0.707107 -0.697463 -0.116386 0.707107 -0.668794 -0.229597 0.707107 -0.697463 -0.116386 0.707107 0.0825794 -0.996584 0 -0.0825794 -0.996584 0 -0.0825794 -0.996584 0 1 -8.74228e-08 0 0.986361 0.164595 0 1 -8.74228e-08 0 -0.245485 -0.9694 0 -0.245486 -0.9694 0 -0.401695 -0.915773 0 -0.401695 -0.915773 0 -0.546948 -0.837166 0 -0.546948 -0.837166 0 -0.677282 -0.735724 0 -0.677282 -0.735724 0 -0.78914 -0.614213 0 -0.789141 -0.614213 0 -0.879474 -0.475947 0 -0.879474 -0.475948 0 -0.945817 -0.324699 0 -0.945817 -0.3247 0 -0.986361 -0.164595 0 -0.986361 -0.164595 0 -1 1.74846e-07 0 -1 -3.01992e-07 0 0.0825794 -0.996584 0 0.245486 -0.9694 0 0.245486 -0.9694 0 0.401695 -0.915773 0 0.401695 -0.915773 0 0.546948 -0.837167 0 0.546948 -0.837167 0 0.677282 -0.735724 0 0.677282 -0.735724 0 0.78914 -0.614213 0 0.78914 -0.614213 0 0.879474 -0.475947 0 0.879474 -0.475947 0 0.945817 -0.324699 0 0.945817 -0.324699 0 0.986361 -0.164595 0 0.986361 -0.164595 0 0.945817 0.3247 0 0.945817 0.324699 0 0.986361 0.164595 0 0.677282 0.735724 0 0.677282 0.735724 0 0.789141 0.614213 0 0.879474 0.475947 0 0.78914 0.614213 0 0.879474 0.475947 0 0.401695 0.915773 0 0.245485 0.9694 0 0.245485 0.9694 0 0.546948 0.837166 0 0.546948 0.837166 0 0.401695 0.915773 0 -0.245485 0.9694 0 -0.0825794 0.996584 0 -0.245485 0.9694 0 -0.0825794 0.996584 0 0.0825792 0.996584 0 0.0825794 0.996584 0 -0.677282 0.735724 0 -0.677282 0.735724 0 -0.546948 0.837166 0 -0.401695 0.915773 0 -0.546948 0.837166 0 -0.401695 0.915773 0 -0.879474 0.475947 0 -0.789141 0.614213 0 -0.789141 0.614213 0 -0.879474 0.475947 0 -0.945817 0.324699 0 -0.945817 0.324699 0 -0.986361 0.164595 0 -0.986361 0.164595 0 0.997827 0.0658916 0 0.997827 0.0658916 0 0.997827 -0.0658917 0 0.980498 0.196531 0 0.980498 0.196531 0 0.997827 -0.0658917 0 0.980498 -0.196531 0 0.980498 -0.196531 0 0.827844 -0.560959 0 0.886915 -0.461934 0 0.886915 -0.461934 0 0.588452 -0.808532 0 0.677613 -0.735418 0 0.677613 -0.735418 0 0.757766 -0.652527 0 0.757766 -0.652526 0 0.827844 -0.560959 0 0.387947 -0.921682 0 0.491467 -0.870896 0 0.387947 -0.921682 0 0.588452 -0.808532 0 0.491467 -0.870896 0 0.27927 -0.960213 0 0.27927 -0.960213 0 0.853328 0.521375 0 0.754837 0.655913 0 0.853328 0.521375 0 0.635361 0.772215 0 0.754837 0.655913 0 0.635361 0.772215 0 0.498221 0.86705 0 0.498221 0.86705 0 0.347231 0.93778 0 0.186587 0.982438 0 0.347231 0.93778 0 0.186587 0.982438 0 0.0207561 0.999785 0 0.0207561 0.999785 0 -0.145652 0.989336 0 -0.308011 0.951383 0 -0.145652 0.989336 0 -0.308011 0.951383 0 -0.461807 0.886981 0 -0.461807 0.886981 0 -0.602764 0.79792 0 -0.726964 0.686676 0 -0.602764 0.79792 0 -0.726964 0.686676 0 0.928095 0.372343 0 0.928095 0.372343 0 0.977061 0.212959 0 0.998864 0.047655 0 0.977061 0.212959 0 0.998864 0.0476553 0 0.992897 -0.118974 0 0.992897 -0.118974 0 0.959328 -0.282295 0 0.899088 -0.437768 0 0.959328 -0.282295 0 0.899088 -0.437769 0 0.813852 -0.581072 0 0.813852 -0.581072 0 0.705991 -0.708221 0 0.578503 -0.81568 0 0.705991 -0.708221 0 0.578503 -0.81568 0 0.434932 -0.900463 0 0.434932 -0.900463 0 0.27927 -0.960213 0 0.279269 -0.960213 0 -0.644924 0.764247 0 -0.726964 0.686676 0 -0.726964 0.686676 0 -0.35417 0.935181 0 -0.457331 0.889296 0 -0.457331 0.889296 0 -0.554663 0.832075 0 -0.554663 0.832075 0 -0.644924 0.764247 0 -0.135675 0.990753 0 -0.246493 0.969144 0 -0.246493 0.969144 0 -0.35417 0.935181 0 -0.135675 0.990753 0 0.0843873 0.996433 0 -0.0843873 0.996433 0 -0.0843873 0.996433 0 -0.250758 0.96805 0 -0.250758 0.96805 0 -0.409986 0.912092 0 -0.409986 0.912092 0 0.0843873 0.996433 0 0.250758 0.96805 0 0.250758 0.96805 0 0.409986 0.912092 0 0.409986 0.912092 0 0.246493 0.969144 0 0.135675 0.990753 0 0.135675 0.990753 0 0.554663 0.832075 0 0.457331 0.889296 0 0.457331 0.889296 0 0.35417 0.935181 0 0.35417 0.935181 0 0.246493 0.969144 0 0.726964 0.686676 0 0.644924 0.764247 0 0.644924 0.764247 0 0.554663 0.832075 0 0.726964 0.686676 0 -0.853328 0.521375 0 -0.928095 0.372343 0 -0.853328 0.521375 0 -0.977061 0.212959 0 -0.928095 0.372343 0 -0.977061 0.212959 0 -0.998864 0.047655 0 -0.998864 0.0476552 0 -0.992897 -0.118974 -0 -0.959328 -0.282295 -0 -0.992897 -0.118974 -0 -0.959328 -0.282295 -0 -0.899088 -0.437769 -0 -0.899088 -0.437769 -0 -0.813852 -0.581072 -0 -0.705991 -0.70822 -0 -0.813852 -0.581072 -0 -0.705991 -0.70822 -0 -0.578503 -0.81568 -0 -0.578503 -0.81568 -0 -0.434932 -0.900463 0 -0.27927 -0.960213 0 -0.434932 -0.900463 0 -0.27927 -0.960213 0 -0.754837 0.655913 0 -0.754837 0.655913 0 -0.635361 0.772215 0 -0.498221 0.86705 0 -0.635361 0.772215 0 -0.498222 0.86705 0 -0.347231 0.93778 0 -0.347231 0.93778 0 -0.186587 0.982438 0 -0.0207564 0.999785 0 -0.186587 0.982438 0 -0.020756 0.999785 0 0.145652 0.989336 0 0.145652 0.989336 0 0.308011 0.951383 0 0.461806 0.886981 0 0.308011 0.951383 0 0.461806 0.886981 0 0.602764 0.79792 0 0.602764 0.79792 0 0.726964 0.686676 0 0.726964 0.686676 0 -0.387947 -0.921682 -0 -0.27927 -0.960213 -0 -0.27927 -0.960213 -0 -0.677614 -0.735418 0 -0.588452 -0.808532 -0 -0.588452 -0.808532 -0 -0.491467 -0.870896 -0 -0.491467 -0.870896 -0 -0.387947 -0.921682 -0 -0.827843 -0.560959 0 -0.757766 -0.652526 0 -0.827843 -0.560959 0 -0.677614 -0.735418 0 -0.757766 -0.652526 0 -0.886914 -0.461934 0 -0.886914 -0.461934 0 -0.997827 -0.0658916 0 -0.997827 -0.0658916 0 -0.997827 0.0658917 0 -0.980498 -0.196531 0 -0.980498 -0.196531 0 -0.997827 0.0658917 0 -0.980498 0.196531 0 -0.980498 0.196531 0 -0.827844 0.560959 0 -0.886915 0.461934 0 -0.886915 0.461934 0 -0.588452 0.808532 0 -0.677613 0.735418 0 -0.677613 0.735418 0 -0.757766 0.652527 0 -0.757766 0.652526 0 -0.827844 0.560959 0 -0.387947 0.921682 0 -0.491467 0.870896 0 -0.387947 0.921682 0 -0.588452 0.808532 0 -0.491467 0.870896 0 -0.27927 0.960213 0 -0.27927 0.960213 0 -0.853328 -0.521375 -0 -0.754837 -0.655913 0 -0.853328 -0.521375 0 -0.635361 -0.772215 0 -0.754837 -0.655913 0 -0.635361 -0.772215 0 -0.498221 -0.86705 0 -0.498221 -0.86705 0 -0.347231 -0.93778 0 -0.186587 -0.982438 0 -0.347231 -0.93778 0 -0.186587 -0.982438 0 -0.0207561 -0.999785 0 -0.0207561 -0.999785 0 0.145652 -0.989336 0 0.308011 -0.951383 0 0.145652 -0.989336 0 0.308011 -0.951383 0 0.461807 -0.886981 0 0.461807 -0.886981 0 0.602764 -0.79792 0 0.726964 -0.686676 0 0.602764 -0.79792 0 0.726964 -0.686676 0 -0.928095 -0.372343 -0 -0.928095 -0.372343 -0 -0.977061 -0.212959 -0 -0.998864 -0.047655 -0 -0.977061 -0.212959 -0 -0.998864 -0.0476553 -0 -0.992897 0.118974 0 -0.992897 0.118974 0 -0.959328 0.282295 0 -0.899088 0.437768 0 -0.959328 0.282295 0 -0.899088 0.437769 0 -0.813852 0.581072 0 -0.813852 0.581072 0 -0.705991 0.708221 0 -0.578503 0.81568 0 -0.705991 0.708221 0 -0.578503 0.81568 0 -0.434932 0.900463 0 -0.434932 0.900463 0 -0.27927 0.960213 0 -0.279269 0.960213 0 0.644924 -0.764247 0 0.726964 -0.686676 0 0.726964 -0.686676 0 0.35417 -0.935181 0 0.457331 -0.889296 0 0.457331 -0.889296 0 0.554663 -0.832075 0 0.554663 -0.832075 0 0.644924 -0.764247 0 0.135675 -0.990753 0 0.246493 -0.969144 0 0.246493 -0.969144 0 0.35417 -0.935181 0 0.135675 -0.990753 0 -0.0843873 -0.996433 -0 0.0843873 -0.996433 0 0.0843873 -0.996433 0 0.250758 -0.96805 0 0.250758 -0.96805 0 0.409986 -0.912092 0 0.409986 -0.912092 0 -0.0843873 -0.996433 -0 -0.250758 -0.96805 -0 -0.250758 -0.96805 -0 -0.409986 -0.912092 -0 -0.409986 -0.912092 -0 -0.246493 -0.969144 -0 -0.135675 -0.990753 -0 -0.135675 -0.990753 -0 -0.554663 -0.832075 0 -0.457331 -0.889296 0 -0.457331 -0.889296 0 -0.35417 -0.935181 -0 -0.35417 -0.935181 -0 -0.246493 -0.969144 -0 -0.726964 -0.686676 0 -0.644924 -0.764247 0 -0.644924 -0.764247 0 -0.554663 -0.832075 0 -0.726964 -0.686676 0 0.853328 -0.521375 0 0.928095 -0.372343 0 0.853328 -0.521375 0 0.977061 -0.212959 0 0.928095 -0.372343 0 0.977061 -0.212959 0 0.998864 -0.047655 0 0.998864 -0.0476552 0 0.992897 0.118974 0 0.959328 0.282295 0 0.992897 0.118974 0 0.959328 0.282295 0 0.899088 0.437769 0 0.899088 0.437769 0 0.813852 0.581072 0 0.705991 0.70822 0 0.813852 0.581072 0 0.705991 0.70822 0 0.578503 0.81568 0 0.578503 0.81568 0 0.434932 0.900463 0 0.27927 0.960213 0 0.434932 0.900463 0 0.27927 0.960213 0 0.754837 -0.655913 0 0.754837 -0.655913 0 0.635361 -0.772215 0 0.498221 -0.86705 0 0.635361 -0.772215 0 0.498222 -0.86705 0 0.347231 -0.93778 0 0.347231 -0.93778 0 0.186587 -0.982438 0 0.0207564 -0.999785 0 0.186587 -0.982438 0 0.020756 -0.999785 0 -0.145652 -0.989336 -0 -0.145652 -0.989336 -0 -0.308011 -0.951383 -0 -0.461806 -0.886981 -0 -0.308011 -0.951383 -0 -0.461806 -0.886981 -0 -0.602764 -0.79792 0 -0.602764 -0.79792 0 -0.726964 -0.686676 0 -0.726964 -0.686676 0 0.387947 0.921682 0 0.27927 0.960213 0 0.27927 0.960213 0 0.677614 0.735418 0 0.588452 0.808532 0 0.588452 0.808532 0 0.491467 0.870896 0 0.491467 0.870896 0 0.387947 0.921682 0 0.827843 0.560959 0 0.757766 0.652526 0 0.827843 0.560959 0 0.677614 0.735418 0 0.757766 0.652526 0 0.886914 0.461934 0 0.886914 0.461934 0 0 0 1 0 0 1 0 0 1 0 0 1 0 0 1 0 0 1 0 0 1 0 0 1 0 0 1 0 0 1 0 0 1 0 0 1 0 0 1 0 0 1 0 0 1 0 0 1 0 0 1 0 0 1 0 0 1 0 0 1 0 0 1 0 0 1 0 0 1 0 0 1 0 0 1 0 0 1 0 0 1 0 0 1 0 0 1 0 0 1 0 0 1 0 0 1 0 0 1 0 0 1 0 0 1 0 0 1 0 0 1 0 0 1 0 0 1 0 0 1 0 0 1 0 0 1 0 0 1 0 0 1 0 0 1 0 0 1 0 0 1 0 0 1 0 0 1 0 0 1 0 0 1 0 0 1 0 0 1 0 0 1 0 0 1 0 0 1 0 0 1 0 0 1 0 0 1 0 0 1 0 0 1 0 0 1 0 0 1 0 0 1 0 0 1 0 0 1 0 0 1 0 0 1 0 0 1 0 0 1 0 0 1 0 0 1 0 0 1 0 0 1 0 0 1 0 0 1 0 0 1 0 0 1 0 0 1 0 0 1 0 0 1 0 0 1 0 0 1 0 0 1 0 0 1 0 0 1 0 0 1 0 0 1 0 0 1 0 0 1 0 0 1 0 0 1 0 0 1 0 0 1 0 0 1 0 0 1 0 0 1 0 0 1 0 0 1 0 0 1 0 0 1 0 0 1 0 0 1 0 0 1 0 0 1 0 0 1 0 0 1 0 0 1 0 0 1 0 0 1 0 0 1 0 0 1 0 0 1 0 0 1 0 0 1 0 0 1 0 0 1 0 0 1 0 0 1 0 0 1 0 0 1 0 0 1 0 0 1 0 0 1 0 0 1 0 0 1 0 0 1 0 0 1 0 0 1 0 0 1 0 0 1 0 0 1 0 0 1 0 0 1 0 0 1 0 0 1 0 0 1 0 0 1 0 0 1 0 0 1 0 0 1 0 0 1 0 0 1 0 0 1 0 0 1 0 0 1 0 0 1 0 0 1 0 0 1 0 0 1 0 0 1 0 0 1 0 0 1 0 0 1 0 0 1 0 0 1 0 0 1 0 0 1 0 0 1 0 0 1 0 0 1 0 0 1 0 0 1 0 0 1 0 0 1 0 0 1 0 0 1 0 0 1 0 0 1 0 0 1 0 0 1 0 0 1 0 0 1 0 0 1 0 0 1 0 0 1 0 0 1 0 0 1 0 0 1 0 0 1 0 0 1 0 0 1 0 0 1 0 0 1 0 0 1 0 0 1 0 0 1 0 0 1 0 0 1 0 0 1 0 0 1 0 0 1 0 0 1 0 0 1 0 0 1 0 0 1 0 0 1 0 0 1 0 0 1 0 0 1 0 0 1 0 0 1 0 0 1 0 0 1 0 0 1 0 0 1 0 0 1 0 0 1 0 0 1 0 0 1 0 0 1 0 0 1 0 0 1 0 0 1 0 0 1 0 0 1 0 0 1 0 0 1 0 0 1 0 0 1 0 0 1 0 0 1 0 0 1 0 0 1 0 0 1 0 0 1 0 0 1 0 0 1 0 0 1 0 0 1 0 0 1 0 0 1 0 0 1 0 0 1 0 0 1 0 0 1 0 0 1 0 0 1 0 0 1 0 0 1 0 0 1 0 0 1 0 0 1 0 0 1 0 0 1 0 0 1 0 0 1 0 0 1 0 0 1 0 0 1 0 0 1 0 0 1 0 0 1 0 0 1 0 0 1 0 0 1 0 0 1 0 0 1 0 0 1 0 0 1 0 0 1 0 0 1 0 0 1 0 0 1 0 0 1 0 0 1 0 0 1 0 0 1 0 0 1 0 0 1 0 0 1 0 0 1 0 0 1 0 0 1 0 0 1 0 0 1 0 0 1 0 0 1 0 0 1 0 0 1 0 0 1 0 0 1 0 0 1 0 0 1 0 0 1 0 0 1 0 0 1 0 0 1 0 0 1 0 0 1 0 0 1 0 0 1 0 0 1 0 0 1 0 0 1 0 0 1 0 0 1 0 0 1 0 0 1 0 0 1 0 0 1 0 0 1 0 0 1 0 0 1 0 0 1 0 0 1 0 0 1 0 0 1 -0.0825794 0.996584 0 0.0825794 0.996584 0 -0.0825794 0.996584 0 0.986361 -0.164595 0 1 -8.74228e-08 0 1 -8.74228e-08 0 -0.245485 0.9694 0 -0.245485 0.9694 0 -0.401695 0.915773 0 -0.401695 0.915773 0 -0.546948 0.837166 0 -0.546948 0.837166 0 -0.677282 0.735724 0 -0.677282 0.735724 0 -0.789141 0.614213 0 -0.789141 0.614213 0 -0.879474 0.475947 0 -0.879474 0.475947 0 -0.945817 0.324699 0 -0.945817 0.324699 0 -0.986361 0.164595 0 -0.986361 0.164595 0 -1 -1.37153e-11 0 -1 -1.79155e-23 0 0.0825792 0.996584 0 0.245485 0.9694 0 0.245485 0.9694 0 0.401695 0.915773 0 0.401695 0.915773 0 0.546948 0.837166 0 0.546948 0.837166 0 0.677282 0.735724 0 0.677282 0.735724 0 0.78914 0.614213 0 0.789141 0.614213 0 0.879474 0.475947 0 0.879474 0.475947 0 0.945817 0.3247 0 0.945817 0.324699 0 0.986361 0.164595 0 0.986361 0.164595 0 0.78914 -0.614213 0 0.879474 -0.475947 0 0.879474 -0.475947 0 0.945817 -0.324699 0 0.986361 -0.164595 0 0.945817 -0.324699 0 0.546948 -0.837167 0 0.401695 -0.915773 0 0.546948 -0.837167 0 0.78914 -0.614213 0 0.677282 -0.735724 0 0.677282 -0.735724 0 0.0825794 -0.996584 0 0.0825794 -0.996584 0 -0.0825794 -0.996584 0 0.245486 -0.9694 0 0.401695 -0.915773 0 0.245486 -0.9694 0 -0.546948 -0.837166 0 -0.401695 -0.915773 0 -0.401695 -0.915773 0 -0.245485 -0.9694 0 -0.245486 -0.9694 0 -0.0825794 -0.996584 0 -0.789141 -0.614213 0 -0.78914 -0.614213 0 -0.677282 -0.735724 0 -0.546948 -0.837166 0 -0.677282 -0.735724 0 -0.879474 -0.475948 0 -0.879474 -0.475947 0 -0.945817 -0.324699 0 -0.945817 -0.3247 0 -0.986361 -0.164595 0 -0.986361 -0.164595 0 0 0 1 0 0 1 0 0 1 0 0 1 0 0 1 0 0 1 0 0 1 0 0 1 0 0 1 0 0 1 0 0 1 0 0 1 0 0 1 0 0 1 0 0 1 0 0 1 0 0 1 0 0 1 0 0 1 0 0 1 0 0 1 0 0 1 0 0 1 0 0 1 0 0 1 0 0 1 0 0 1 0 0 1 0 0 1 0 0 1 0 0 1 0 0 1 0 0 1 0 0 1 0 0 1 0 0 1 0 0 1 0 0 1 0 0 1 0 0 1 0 0 1 0 0 1 0 0 1 0 0 1 0 0 1 0 0 1 0 0 1 0 0 1 0 0 1 0 0 1 0 0 1 0 0 1 0 0 1 0 0 1 0 0 1 0 0 1 0 0 1 0 0 1 0 0 1 0 0 1 0 0 1 0 0 1 0 0 1 0 0 1 0 0 1 0 0 1 0 0 1 0 0 1 0 0 1 0 0 1 0 0 1 0 0 1 0 0 1 0 0 1 0 0 1 -0.0825794 0.996584 0 0.0825794 0.996584 0 -0.0825794 0.996584 0 0.986361 -0.164595 0 1 -8.74228e-08 0 1 -8.74228e-08 0 -0.245485 0.9694 0 -0.245485 0.9694 0 -0.401695 0.915773 0 -0.401695 0.915773 0 -0.546948 0.837166 0 -0.546948 0.837166 0 -0.677282 0.735724 0 -0.677282 0.735724 0 -0.789141 0.614213 0 -0.789141 0.614213 0 -0.879474 0.475947 0 -0.879474 0.475947 0 -0.945817 0.324699 0 -0.945817 0.324699 0 -0.986361 0.164595 0 -0.986361 0.164595 0 -1 -1.37153e-11 0 -1 -1.79155e-23 0 0.0825792 0.996584 0 0.245485 0.9694 0 0.245485 0.9694 0 0.401695 0.915773 0 0.401695 0.915773 0 0.546948 0.837166 0 0.546948 0.837166 0 0.677282 0.735724 0 0.677282 0.735724 0 0.78914 0.614213 0 0.789141 0.614213 0 0.879474 0.475947 0 0.879474 0.475947 0 0.945817 0.3247 0 0.945817 0.324699 0 0.986361 0.164595 0 0.986361 0.164595 0 0.78914 -0.614213 0 0.879474 -0.475947 0 0.879474 -0.475947 0 0.945817 -0.324699 0 0.986361 -0.164595 0 0.945817 -0.324699 0 0.546948 -0.837167 0 0.401695 -0.915773 0 0.546948 -0.837167 0 0.78914 -0.614213 0 0.677282 -0.735724 0 0.677282 -0.735724 0 0.0825794 -0.996584 0 0.0825794 -0.996584 0 -0.0825794 -0.996584 0 0.245486 -0.9694 0 0.401695 -0.915773 0 0.245486 -0.9694 0 -0.546948 -0.837166 0 -0.401695 -0.915773 0 -0.401695 -0.915773 0 -0.245485 -0.9694 0 -0.245486 -0.9694 0 -0.0825794 -0.996584 0 -0.789141 -0.614213 0 -0.78914 -0.614213 0 -0.677282 -0.735724 0 -0.546948 -0.837166 0 -0.677282 -0.735724 0 -0.879474 -0.475948 0 -0.879474 -0.475947 0 -0.945817 -0.324699 0 -0.945817 -0.3247 0 -0.986361 -0.164595 0 -0.986361 -0.164595 0 0 0 1 0 0 1 0 0 1 0 0 1 0 0 1 0 0 1 0 0 1 0 0 1 0 0 1 0 0 1 0 0 1 0 0 1 0 0 1 0 0 1 0 0 1 0 0 1 0 0 1 0 0 1 0 0 1 0 0 1 0 0 1 0 0 1 0 0 1 0 0 1 0 0 1 0 0 1 0 0 1 0 0 1 0 0 1 0 0 1 0 0 1 0 0 1 0 0 1 0 0 1 0 0 1 0 0 1 0 0 1 0 0 1 0 0 1 0 0 1 0 0 1 0 0 1 0 0 1 0 0 1 0 0 1 0 0 1 0 0 1 0 0 1 0 0 1 0 0 1 0 0 1 0 0 1 0 0 1 0 0 1 0 0 1 0 0 1 0 0 1 0 0 1 0 0 1 0 0 1 0 0 1 0 0 1 0 0 1 0 0 1 0 0 1 0 0 1 0 0 1 0 0 1 0 0 1 0 0 1 0 0 1 0 0 1 0 0 1 0 0 1 0 0 1 -0.0825794 0.996584 0 0.0825794 0.996584 0 -0.0825794 0.996584 0 0.986361 -0.164595 0 1 -8.74228e-08 0 1 -8.74228e-08 0 -0.245485 0.9694 0 -0.245485 0.9694 0 -0.401695 0.915773 0 -0.401695 0.915773 0 -0.546948 0.837166 0 -0.546948 0.837166 0 -0.677282 0.735724 0 -0.677282 0.735724 0 -0.789141 0.614213 0 -0.789141 0.614213 0 -0.879474 0.475947 0 -0.879474 0.475947 0 -0.945817 0.324699 0 -0.945817 0.324699 0 -0.986361 0.164595 0 -0.986361 0.164595 0 -1 -1.37153e-11 0 -1 -1.79155e-23 0 0.0825792 0.996584 0 0.245485 0.9694 0 0.245485 0.9694 0 0.401695 0.915773 0 0.401695 0.915773 0 0.546948 0.837166 0 0.546948 0.837166 0 0.677282 0.735724 0 0.677282 0.735724 0 0.78914 0.614213 0 0.789141 0.614213 0 0.879474 0.475947 0 0.879474 0.475947 0 0.945817 0.3247 0 0.945817 0.324699 0 0.986361 0.164595 0 0.986361 0.164595 0 0.78914 -0.614213 0 0.879474 -0.475947 0 0.879474 -0.475947 0 0.945817 -0.324699 0 0.986361 -0.164595 0 0.945817 -0.324699 0 0.546948 -0.837167 0 0.401695 -0.915773 0 0.546948 -0.837167 0 0.78914 -0.614213 0 0.677282 -0.735724 0 0.677282 -0.735724 0 0.0825794 -0.996584 0 0.0825794 -0.996584 0 -0.0825794 -0.996584 0 0.245486 -0.9694 0 0.401695 -0.915773 0 0.245486 -0.9694 0 -0.546948 -0.837166 0 -0.401695 -0.915773 0 -0.401695 -0.915773 0 -0.245485 -0.9694 0 -0.245486 -0.9694 0 -0.0825794 -0.996584 0 -0.789141 -0.614213 0 -0.78914 -0.614213 0 -0.677282 -0.735724 0 -0.546948 -0.837166 0 -0.677282 -0.735724 0 -0.879474 -0.475948 0 -0.879474 -0.475947 0 -0.945817 -0.324699 0 -0.945817 -0.3247 0 -0.986361 -0.164595 0 -0.986361 -0.164595 0 0 0 1 0 0 1 0 0 1 0 0 1 0 0 1 0 0 1 0 0 1 0 0 1 0 0 1 0 0 1 0 0 1 0 0 1 0 0 1 0 0 1 0 0 1 0 0 1 0 0 1 0 0 1 0 0 1 0 0 1 0 0 1 0 0 1 0 0 1 0 0 1 0 0 1 0 0 1 0 0 1 0 0 1 0 0 1 0 0 1 0 0 1 0 0 1 0 0 1 0 0 1 0 0 1 0 0 1 0 0 1 0 0 1 0 0 1 0 0 1 0 0 1 0 0 1 0 0 1 0 0 1 0 0 1 0 0 1 0 0 1 0 0 1 0 0 1 0 0 1 0 0 1 0 0 1 0 0 1 0 0 1 0 0 1 0 0 1 0 0 1 0 0 1 0 0 1 0 0 1 0 0 1 0 0 1 0 0 1 0 0 1 0 0 1 0 0 1 0 0 1 0 0 1 0 0 1 0 0 1 0 0 1 0 0 1 0 0 1 0 0 1 0 0 1 -0.0825794 0.996584 0 0.0825794 0.996584 0 -0.0825794 0.996584 0 0.986361 -0.164595 0 1 -8.74228e-08 0 1 -8.74228e-08 0 -0.245485 0.9694 0 -0.245485 0.9694 0 -0.401695 0.915773 0 -0.401695 0.915773 0 -0.546948 0.837166 0 -0.546948 0.837166 0 -0.677282 0.735724 0 -0.677282 0.735724 0 -0.789141 0.614213 0 -0.789141 0.614213 0 -0.879474 0.475947 0 -0.879474 0.475947 0 -0.945817 0.324699 0 -0.945817 0.324699 0 -0.986361 0.164595 0 -0.986361 0.164595 0 -1 -1.37153e-11 0 -1 -1.79155e-23 0 0.0825792 0.996584 0 0.245485 0.9694 0 0.245485 0.9694 0 0.401695 0.915773 0 0.401695 0.915773 0 0.546948 0.837166 0 0.546948 0.837166 0 0.677282 0.735724 0 0.677282 0.735724 0 0.78914 0.614213 0 0.789141 0.614213 0 0.879474 0.475947 0 0.879474 0.475947 0 0.945817 0.3247 0 0.945817 0.324699 0 0.986361 0.164595 0 0.986361 0.164595 0 0.78914 -0.614213 0 0.879474 -0.475947 0 0.879474 -0.475947 0 0.945817 -0.324699 0 0.986361 -0.164595 0 0.945817 -0.324699 0 0.546948 -0.837167 0 0.401695 -0.915773 0 0.546948 -0.837167 0 0.78914 -0.614213 0 0.677282 -0.735724 0 0.677282 -0.735724 0 0.0825794 -0.996584 0 0.0825794 -0.996584 0 -0.0825794 -0.996584 0 0.245486 -0.9694 0 0.401695 -0.915773 0 0.245486 -0.9694 0 -0.546948 -0.837166 0 -0.401695 -0.915773 0 -0.401695 -0.915773 0 -0.245485 -0.9694 0 -0.245486 -0.9694 0 -0.0825794 -0.996584 0 -0.789141 -0.614213 0 -0.78914 -0.614213 0 -0.677282 -0.735724 0 -0.546948 -0.837166 0 -0.677282 -0.735724 0 -0.879474 -0.475948 0 -0.879474 -0.475947 0 -0.945817 -0.324699 0 -0.945817 -0.3247 0 -0.986361 -0.164595 0 -0.986361 -0.164595 0 0 0 1 0 0 1 0 0 1 0 0 1 0 0 1 0 0 1 0 0 1 0 0 1 0 0 1 0 0 1 0 0 1 0 0 1 0 0 1 0 0 1 0 0 1 0 0 1 0 0 1 0 0 1 0 0 1 0 0 1 0 0 1 0 0 1 0 0 1 0 0 1 0 0 1 0 0 1 0 0 1 0 0 1 0 0 1 0 0 1 0 0 1 0 0 1 0 0 1 0 0 1 0 0 1 0 0 1 0 0 1 0 0 1 0 0 1 0 0 1 0 0 1 0 0 1 0 0 1 0 0 1 0 0 1 0 0 1 0 0 1 0 0 1 0 0 1 0 0 1 0 0 1 0 0 1 0 0 1 0 0 1 0 0 1 0 0 1 0 0 1 0 0 1 0 0 1 0 0 1 0 0 1 0 0 1 0 0 1 0 0 1 0 0 1 0 0 1 0 0 1 0 0 1 0 0 1 0 0 1 0 0 1 0 0 1 0 0 1 0 0 1 0 0 1 -0.640472 -0.0545123 -0.766044 -0.640472 0.0545122 -0.766044 -0.640472 0.0545122 -0.766044 -0.622047 0.161968 -0.766044 -0.622047 0.161968 -0.766044 -0.585726 0.264765 -0.766044 -0.585726 0.264765 -0.766044 -0.532556 0.359945 -0.766044 -0.532556 0.359945 -0.766044 -0.464065 0.44477 -0.766044 -0.464065 0.44477 -0.766044 -0.382223 0.516799 -0.766044 -0.382223 0.516799 -0.766044 -0.289385 0.573962 -0.766044 -0.289385 0.573962 -0.766044 -0.188223 0.614612 -0.766044 -0.188223 0.614612 -0.766044 -0.0816455 0.637581 -0.766044 -0.0816455 0.637581 -0.766044 0.0272807 0.642208 -0.766044 0.0272807 0.642208 -0.766044 0.135422 0.62836 -0.766044 0.135422 0.62836 -0.766044 0.239668 0.596436 -0.766044 0.239667 0.596436 -0.766044 0.337018 0.547352 -0.766044 0.337018 0.547352 -0.766044 0.424674 0.482523 -0.766044 0.424674 0.482523 -0.766044 0.500112 0.403812 -0.766044 0.500112 0.403812 -0.766044 0.561163 0.313484 -0.766044 0.561163 0.313484 -0.766044 0.60607 0.214138 -0.766044 0.60607 0.214138 -0.766044 0.633542 0.108632 -0.766044 0.633542 0.108632 -0.766044 0.642788 8.72976e-23 -0.766044 0.642788 -3.30174e-11 -0.766044 -0.640472 -0.0545122 -0.766044 -0.622047 -0.161968 -0.766044 -0.585726 -0.264765 -0.766044 -0.622047 -0.161968 -0.766044 -0.532556 -0.359945 -0.766044 -0.585726 -0.264765 -0.766044 -0.532556 -0.359945 -0.766044 -0.464064 -0.44477 -0.766044 -0.382223 -0.516799 -0.766044 -0.464064 -0.44477 -0.766044 -0.289386 -0.573962 -0.766044 -0.382223 -0.516799 -0.766044 -0.289385 -0.573962 -0.766044 -0.188223 -0.614612 -0.766044 -0.0816454 -0.637581 -0.766044 -0.188223 -0.614612 -0.766044 0.0272806 -0.642208 -0.766044 -0.0816454 -0.637581 -0.766044 0.0272809 -0.642208 -0.766044 0.135422 -0.62836 -0.766044 0.239668 -0.596436 -0.766044 0.135422 -0.62836 -0.766044 0.337018 -0.547352 -0.766044 0.239667 -0.596436 -0.766044 0.337018 -0.547352 -0.766044 0.424674 -0.482523 -0.766044 0.500112 -0.403812 -0.766044 0.424674 -0.482523 -0.766044 0.561163 -0.313484 -0.766044 0.500112 -0.403812 -0.766044 0.561163 -0.313484 -0.766044 0.60607 -0.214138 -0.766044 0.633542 -0.108632 -0.766044 0.60607 -0.214138 -0.766044 0.633542 -0.108632 -0.766044 0 0 1 0 0 1 0 0 1 0 0 1 0 0 1 0 0 1 0 0 1 0 0 1 0 0 1 0 0 1 0 0 1 0 0 1 0 0 1 0 0 1 0 0 1 0 0 1 0 0 1 0 0 1 0 0 1 0 0 1 0 0 1 0 0 1 0 0 1 0 0 1 0 0 1 0 0 1 0 0 1 0 0 1 0 0 1 0 0 1 0 0 1 0 0 1 0 0 1 0 0 1 0 0 1 0 0 1 0 0 1 -0.640472 -0.0545123 -0.766044 -0.640472 0.0545122 -0.766044 -0.640472 0.0545122 -0.766044 -0.622047 0.161968 -0.766044 -0.622047 0.161968 -0.766044 -0.585726 0.264765 -0.766044 -0.585726 0.264765 -0.766044 -0.532556 0.359945 -0.766044 -0.532556 0.359945 -0.766044 -0.464065 0.44477 -0.766044 -0.464065 0.44477 -0.766044 -0.382223 0.516799 -0.766044 -0.382223 0.516799 -0.766044 -0.289385 0.573962 -0.766044 -0.289385 0.573962 -0.766044 -0.188223 0.614612 -0.766044 -0.188223 0.614612 -0.766044 -0.0816455 0.637581 -0.766044 -0.0816455 0.637581 -0.766044 0.0272807 0.642208 -0.766044 0.0272807 0.642208 -0.766044 0.135422 0.62836 -0.766044 0.135422 0.62836 -0.766044 0.239668 0.596436 -0.766044 0.239667 0.596436 -0.766044 0.337018 0.547352 -0.766044 0.337018 0.547352 -0.766044 0.424674 0.482523 -0.766044 0.424674 0.482523 -0.766044 0.500112 0.403812 -0.766044 0.500112 0.403812 -0.766044 0.561163 0.313484 -0.766044 0.561163 0.313484 -0.766044 0.60607 0.214138 -0.766044 0.60607 0.214138 -0.766044 0.633542 0.108632 -0.766044 0.633542 0.108632 -0.766044 0.642788 8.72976e-23 -0.766044 0.642788 -3.30174e-11 -0.766044 -0.640472 -0.0545122 -0.766044 -0.622047 -0.161968 -0.766044 -0.585726 -0.264765 -0.766044 -0.622047 -0.161968 -0.766044 -0.532556 -0.359945 -0.766044 -0.585726 -0.264765 -0.766044 -0.532556 -0.359945 -0.766044 -0.464064 -0.44477 -0.766044 -0.382223 -0.516799 -0.766044 -0.464064 -0.44477 -0.766044 -0.289386 -0.573962 -0.766044 -0.382223 -0.516799 -0.766044 -0.289385 -0.573962 -0.766044 -0.188223 -0.614612 -0.766044 -0.0816454 -0.637581 -0.766044 -0.188223 -0.614612 -0.766044 0.0272806 -0.642208 -0.766044 -0.0816454 -0.637581 -0.766044 0.0272809 -0.642208 -0.766044 0.135422 -0.62836 -0.766044 0.239668 -0.596436 -0.766044 0.135422 -0.62836 -0.766044 0.337018 -0.547352 -0.766044 0.239667 -0.596436 -0.766044 0.337018 -0.547352 -0.766044 0.424674 -0.482523 -0.766044 0.500112 -0.403812 -0.766044 0.424674 -0.482523 -0.766044 0.561163 -0.313484 -0.766044 0.500112 -0.403812 -0.766044 0.561163 -0.313484 -0.766044 0.60607 -0.214138 -0.766044 0.633542 -0.108632 -0.766044 0.60607 -0.214138 -0.766044 0.633542 -0.108632 -0.766044 0 0 1 0 0 1 0 0 1 0 0 1 0 0 1 0 0 1 0 0 1 0 0 1 0 0 1 0 0 1 0 0 1 0 0 1 0 0 1 0 0 1 0 0 1 0 0 1 0 0 1 0 0 1 0 0 1 0 0 1 0 0 1 0 0 1 0 0 1 0 0 1 0 0 1 0 0 1 0 0 1 0 0 1 0 0 1 0 0 1 0 0 1 0 0 1 0 0 1 0 0 1 0 0 1 0 0 1 0 0 1 -0.640472 -0.0545123 -0.766044 -0.640472 0.0545122 -0.766044 -0.640472 0.0545122 -0.766044 -0.622047 0.161968 -0.766044 -0.622047 0.161968 -0.766044 -0.585726 0.264765 -0.766044 -0.585726 0.264765 -0.766044 -0.532556 0.359945 -0.766044 -0.532556 0.359945 -0.766044 -0.464065 0.44477 -0.766044 -0.464065 0.44477 -0.766044 -0.382223 0.516799 -0.766044 -0.382223 0.516799 -0.766044 -0.289385 0.573962 -0.766044 -0.289385 0.573962 -0.766044 -0.188223 0.614612 -0.766044 -0.188223 0.614612 -0.766044 -0.0816455 0.637581 -0.766044 -0.0816455 0.637581 -0.766044 0.0272807 0.642208 -0.766044 0.0272807 0.642208 -0.766044 0.135422 0.62836 -0.766044 0.135422 0.62836 -0.766044 0.239668 0.596436 -0.766044 0.239667 0.596436 -0.766044 0.337018 0.547352 -0.766044 0.337018 0.547352 -0.766044 0.424674 0.482523 -0.766044 0.424674 0.482523 -0.766044 0.500112 0.403812 -0.766044 0.500112 0.403812 -0.766044 0.561163 0.313484 -0.766044 0.561163 0.313484 -0.766044 0.60607 0.214138 -0.766044 0.60607 0.214138 -0.766044 0.633542 0.108632 -0.766044 0.633542 0.108632 -0.766044 0.642788 8.72976e-23 -0.766044 0.642788 -3.30174e-11 -0.766044 -0.640472 -0.0545122 -0.766044 -0.622047 -0.161968 -0.766044 -0.585726 -0.264765 -0.766044 -0.622047 -0.161968 -0.766044 -0.532556 -0.359945 -0.766044 -0.585726 -0.264765 -0.766044 -0.532556 -0.359945 -0.766044 -0.464064 -0.44477 -0.766044 -0.382223 -0.516799 -0.766044 -0.464064 -0.44477 -0.766044 -0.289386 -0.573962 -0.766044 -0.382223 -0.516799 -0.766044 -0.289385 -0.573962 -0.766044 -0.188223 -0.614612 -0.766044 -0.0816454 -0.637581 -0.766044 -0.188223 -0.614612 -0.766044 0.0272806 -0.642208 -0.766044 -0.0816454 -0.637581 -0.766044 0.0272809 -0.642208 -0.766044 0.135422 -0.62836 -0.766044 0.239668 -0.596436 -0.766044 0.135422 -0.62836 -0.766044 0.337018 -0.547352 -0.766044 0.239667 -0.596436 -0.766044 0.337018 -0.547352 -0.766044 0.424674 -0.482523 -0.766044 0.500112 -0.403812 -0.766044 0.424674 -0.482523 -0.766044 0.561163 -0.313484 -0.766044 0.500112 -0.403812 -0.766044 0.561163 -0.313484 -0.766044 0.60607 -0.214138 -0.766044 0.633542 -0.108632 -0.766044 0.60607 -0.214138 -0.766044 0.633542 -0.108632 -0.766044 0 0 1 0 0 1 0 0 1 0 0 1 0 0 1 0 0 1 0 0 1 0 0 1 0 0 1 0 0 1 0 0 1 0 0 1 0 0 1 0 0 1 0 0 1 0 0 1 0 0 1 0 0 1 0 0 1 0 0 1 0 0 1 0 0 1 0 0 1 0 0 1 0 0 1 0 0 1 0 0 1 0 0 1 0 0 1 0 0 1 0 0 1 0 0 1 0 0 1 0 0 1 0 0 1 0 0 1 0 0 1 -0.640472 -0.0545123 -0.766044 -0.640472 0.0545122 -0.766044 -0.640472 0.0545122 -0.766044 -0.622047 0.161968 -0.766044 -0.622047 0.161968 -0.766044 -0.585726 0.264765 -0.766044 -0.585726 0.264765 -0.766044 -0.532556 0.359945 -0.766044 -0.532556 0.359945 -0.766044 -0.464065 0.44477 -0.766044 -0.464065 0.44477 -0.766044 -0.382223 0.516799 -0.766044 -0.382223 0.516799 -0.766044 -0.289385 0.573962 -0.766044 -0.289385 0.573962 -0.766044 -0.188223 0.614612 -0.766044 -0.188223 0.614612 -0.766044 -0.0816455 0.637581 -0.766044 -0.0816455 0.637581 -0.766044 0.0272807 0.642208 -0.766044 0.0272807 0.642208 -0.766044 0.135422 0.62836 -0.766044 0.135422 0.62836 -0.766044 0.239668 0.596436 -0.766044 0.239667 0.596436 -0.766044 0.337018 0.547352 -0.766044 0.337018 0.547352 -0.766044 0.424674 0.482523 -0.766044 0.424674 0.482523 -0.766044 0.500112 0.403812 -0.766044 0.500112 0.403812 -0.766044 0.561163 0.313484 -0.766044 0.561163 0.313484 -0.766044 0.60607 0.214138 -0.766044 0.60607 0.214138 -0.766044 0.633542 0.108632 -0.766044 0.633542 0.108632 -0.766044 0.642788 8.72976e-23 -0.766044 0.642788 -3.30174e-11 -0.766044 -0.640472 -0.0545122 -0.766044 -0.622047 -0.161968 -0.766044 -0.585726 -0.264765 -0.766044 -0.622047 -0.161968 -0.766044 -0.532556 -0.359945 -0.766044 -0.585726 -0.264765 -0.766044 -0.532556 -0.359945 -0.766044 -0.464064 -0.44477 -0.766044 -0.382223 -0.516799 -0.766044 -0.464064 -0.44477 -0.766044 -0.289386 -0.573962 -0.766044 -0.382223 -0.516799 -0.766044 -0.289385 -0.573962 -0.766044 -0.188223 -0.614612 -0.766044 -0.0816454 -0.637581 -0.766044 -0.188223 -0.614612 -0.766044 0.0272806 -0.642208 -0.766044 -0.0816454 -0.637581 -0.766044 0.0272809 -0.642208 -0.766044 0.135422 -0.62836 -0.766044 0.239668 -0.596436 -0.766044 0.135422 -0.62836 -0.766044 0.337018 -0.547352 -0.766044 0.239667 -0.596436 -0.766044 0.337018 -0.547352 -0.766044 0.424674 -0.482523 -0.766044 0.500112 -0.403812 -0.766044 0.424674 -0.482523 -0.766044 0.561163 -0.313484 -0.766044 0.500112 -0.403812 -0.766044 0.561163 -0.313484 -0.766044 0.60607 -0.214138 -0.766044 0.633542 -0.108632 -0.766044 0.60607 -0.214138 -0.766044 0.633542 -0.108632 -0.766044 0 0 1 0 0 1 0 0 1 0 0 1 0 0 1 0 0 1 0 0 1 0 0 1 0 0 1 0 0 1 0 0 1 0 0 1 0 0 1 0 0 1 0 0 1 0 0 1 0 0 1 0 0 1 0 0 1 0 0 1 0 0 1 0 0 1 0 0 1 0 0 1 0 0 1 0 0 1 0 0 1 0 0 1 0 0 1 0 0 1 0 0 1 0 0 1 0 0 1 0 0 1 0 0 1 0 0 1 0 0 1 0.921213 0.389058 0 0.921213 0.389058 0 0.921213 0.389058 0 0.921213 0.389058 0 0.797541 -0.603265 0 0.797541 -0.603265 0 0.797541 -0.603265 0 0.797541 -0.603265 0 -0.123672 -0.992323 -0 -0.123672 -0.992323 -0 -0.123672 -0.992323 -0 -0.123672 -0.992323 -0 -0.921213 -0.389058 -0 -0.921213 -0.389058 -0 -0.921213 -0.389058 -0 -0.921213 -0.389058 -0 -0.797541 0.603265 0 -0.797541 0.603265 0 -0.797541 0.603265 0 -0.797541 0.603265 0 0.123672 0.992323 0 0.123672 0.992323 0 0.123672 0.992323 0 0.123672 0.992323 0 0 0 -1 0 0 -1 0 0 -1 0 0 -1 0 0 -1 0 0 -1 0.781788 0.623544 0 0.781788 0.623544 0 0.781788 0.623544 0 0.781788 0.623544 0 0.930899 -0.365277 0 0.930899 -0.365277 0 0.930899 -0.365277 0 0.930899 -0.365277 0 0.149111 -0.98882 0 0.149111 -0.98882 0 0.149111 -0.98882 0 0.149111 -0.98882 0 -0.781788 -0.623544 -0 -0.781788 -0.623544 -0 -0.781788 -0.623544 -0 -0.781788 -0.623544 -0 -0.930899 0.365277 0 -0.930899 0.365277 0 -0.930899 0.365277 0 -0.930899 0.365277 0 -0.149111 0.98882 0 -0.149111 0.98882 0 -0.149111 0.98882 0 -0.149111 0.98882 0 0 0 -1 0 0 -1 0 0 -1 0 0 -1 0 0 -1 0 0 -1 0.890431 0.455119 0 0.890431 0.455119 0 0.890431 0.455119 0 0.890431 0.455119 0 0.83936 -0.543576 0 0.83936 -0.543576 0 0.83936 -0.543576 0 0.83936 -0.543576 0 -0.0510708 -0.998695 -0 -0.0510708 -0.998695 -0 -0.0510708 -0.998695 -0 -0.0510708 -0.998695 -0 -0.890431 -0.455119 -0 -0.890431 -0.455119 -0 -0.890431 -0.455119 -0 -0.890431 -0.455119 -0 -0.83936 0.543576 0 -0.83936 0.543576 0 -0.83936 0.543576 0 -0.83936 0.543576 0 0.0510708 0.998695 0 0.0510708 0.998695 0 0.0510708 0.998695 0 0.0510708 0.998695 0 0 0 -1 0 0 -1 0 0 -1 0 0 -1 0 0 -1 0 0 -1 0.890431 0.455119 0 0.890431 0.455119 0 0.890431 0.455119 0 0.890431 0.455119 0 0.83936 -0.543576 0 0.83936 -0.543576 0 0.83936 -0.543576 0 0.83936 -0.543576 0 -0.0510708 -0.998695 -0 -0.0510708 -0.998695 -0 -0.0510708 -0.998695 -0 -0.0510708 -0.998695 -0 -0.890431 -0.455119 -0 -0.890431 -0.455119 -0 -0.890431 -0.455119 -0 -0.890431 -0.455119 -0 -0.83936 0.543576 0 -0.83936 0.543576 0 -0.83936 0.543576 0 -0.83936 0.543576 0 0.0510708 0.998695 0 0.0510708 0.998695 0 0.0510708 0.998695 0 0.0510708 0.998695 0 0 0 -1 0 0 -1 0 0 -1 0 0 -1 0 0 -1 0 0 -1</float_array>
          <technique_common>
            <accessor count="2711" source="#ID7" stride="3">
              <param name="X" type="float"/>
              <param name="Y" type="float"/>
              <param name="Z" type="float"/>
            </accessor>
          </technique_common>
        </source>
        <vertices id="ID8">
          <input semantic="POSITION" source="#ID4"/>
          <input semantic="NORMAL" source="#ID6"/>
        </vertices>
        <triangles count="2960" material="ID9">
          <input offset="0" semantic="VERTEX" source="#ID8"/>
          <p>0 2 1 3 5 4 6 8 7 9 11 10 12 14 13 15 17 16 18 20 19 21 23 22 24 26 25 27 19 28 17 29 19 30 32 31 33 35 34 36 38 37 39 40 4 4 5 41 39 4 41 42 44 43 45 47 46 18 19 48 37 3 4 49 21 25 50 22 51 19 29 52 53 54 17 22 50 55 56 22 57 28 19 52 27 58 19 29 17 15 59 60 19 19 58 59 38 61 37 36 37 20 40 62 4 63 65 64 66 53 64 65 63 62 6 66 64 67 69 68 66 6 7 70 7 71 8 71 7 69 67 70 72 70 71 73 75 74 68 75 73 76 78 77 79 78 80 81 76 82 83 84 80 81 86 85 87 89 88 90 92 91 90 93 92 94 96 95 97 96 94 94 99 98 94 101 100 101 94 98 102 94 100 103 105 104 103 106 105 99 94 95 92 97 94 107 91 88 108 92 93 109 88 110 109 107 88 88 89 111 88 112 110 89 87 113 111 112 88 114 116 115 114 115 117 118 87 119 87 120 119 118 2 121 121 113 118 122 124 123 0 125 2 2 125 121 1 127 126 0 1 126 128 129 124 122 123 126 130 43 44 131 133 132 134 136 135 137 139 138 140 142 141 143 140 144 145 147 146 148 150 149 151 153 152 154 149 155 114 156 116 147 158 157 159 148 149 160 146 147 161 147 162 160 147 163 162 147 145 149 147 164 147 157 163 165 159 149 149 164 165 149 150 155 13 55 166 152 153 167 154 167 153 114 117 168 153 156 114 169 171 170 114 172 169 131 174 173 138 143 137 170 142 140 142 170 171 140 141 144 175 143 144 174 139 173 46 9 176 177 11 178 179 133 178 180 181 35 182 183 180 21 22 25 166 12 13 23 57 22 184 185 22 22 56 184 185 51 22 25 186 49 25 26 186 187 188 32 32 190 189 187 32 191 191 32 30 192 194 193 31 194 33 34 35 195 196 33 34 181 180 183 195 35 181 197 199 198 197 135 200 183 198 199 130 202 201 202 204 203 84 205 74 32 189 24 14 192 13 55 13 22 192 193 13 194 31 193 30 31 196 31 33 196 32 24 25 188 190 32 61 3 37 53 206 63 4 62 63 53 63 64 53 17 206 54 16 17 19 20 37 60 48 19 136 134 207 207 209 208 200 199 197 136 200 135 198 183 182 180 47 45 45 182 180 47 9 46 176 9 10 10 11 177 177 178 133 179 132 133 175 210 137 132 174 131 174 138 139 175 137 143 175 203 204 210 175 204 203 201 202 201 43 130 42 128 44 211 213 212 129 123 124 42 129 128 122 126 127 1 85 86 86 127 1 85 76 81 82 76 77 77 78 79 79 80 84 83 205 84 72 214 69 205 73 74 73 67 68 72 69 70 72 211 212 214 72 212 209 213 208 211 208 213 207 134 209 157 158 215 215 169 170 153 151 156 164 147 161 154 153 149 168 172 114 215 158 169 172 171 169 119 120 216 106 217 105 87 118 113 92 108 97 91 92 88 104 105 94 102 104 94 120 105 216 217 216 105 218 220 219 221 223 222 224 219 225 220 225 219 226 227 224 224 225 226 227 229 228 229 227 226 230 228 231 229 231 228 232 233 230 230 231 232 233 235 234 235 233 232 236 234 237 235 237 234 238 239 236 236 237 238 240 239 238 240 241 239 220 218 242 243 244 242 242 218 243 244 246 245 246 244 243 247 245 248 246 248 245 249 250 247 247 248 249 250 252 251 252 250 249 253 251 254 252 254 251 255 256 253 253 254 255 256 258 257 258 256 255 258 223 257 259 261 260 257 223 221 262 264 263 265 267 266 268 270 269 271 273 272 274 276 275 277 279 278 280 282 281 283 285 284 286 288 287 280 287 288 286 290 289 289 288 286 291 290 292 290 291 289 241 293 292 291 292 293 240 293 241 282 284 281 280 281 287 283 276 285 282 283 284 274 275 277 285 276 274 278 279 269 277 275 279 273 270 268 270 278 269 262 271 272 272 273 268 264 266 263 262 263 271 265 259 267 264 265 266 260 261 222 267 259 260 221 222 261 294 296 295 297 299 298 297 298 300 301 302 299 298 299 302 303 301 304 301 303 302 304 306 305 305 303 304 307 309 308 305 306 310 311 313 312 314 316 315 317 319 318 320 322 321 323 325 324 326 328 327 329 326 330 330 321 329 326 329 328 323 322 320 320 321 330 324 322 323 317 318 325 318 324 325 313 319 312 319 317 312 314 311 316 313 311 314 315 294 295 316 294 315 296 307 308 296 308 295 306 309 310 310 309 307 331 333 332 334 336 335 333 338 337 331 339 338 340 342 341 340 338 343 341 345 344 346 341 347 348 344 349 350 347 344 351 352 348 348 353 350 354 356 355 353 352 357 358 360 359 360 361 357 362 363 358 358 364 361 365 367 366 368 370 369 371 373 372 374 376 375 352 377 360 375 366 378 379 355 374 372 381 380 380 383 382 384 364 363 385 368 386 369 370 387 388 390 389 391 393 392 394 396 395 397 399 398 399 400 390 399 401 398 402 398 401 346 337 340 403 331 404 404 406 405 332 407 404 408 406 409 406 407 410 411 412 409 413 409 410 413 414 411 415 416 414 416 417 411 415 419 418 416 418 420 421 422 419 423 418 422 421 425 424 424 426 422 427 425 428 424 427 429 430 427 431 428 432 431 426 424 429 433 434 431 427 430 429 433 436 435 430 431 434 437 436 438 439 440 438 336 439 335 434 433 435 441 334 335 437 435 436 442 441 443 440 437 438 444 445 443 440 439 336 446 444 447 441 442 334 448 450 449 450 451 449 451 446 447 448 452 450 448 453 452 454 453 455 456 444 446 457 454 455 367 457 458 459 398 460 461 386 363 444 456 445 397 445 456 459 445 397 388 396 462 397 398 459 463 460 402 463 465 464 460 398 402 465 467 466 463 464 460 466 464 465 459 460 468 449 470 469 459 468 442 442 443 445 471 448 469 447 449 451 444 443 472 455 453 473 449 447 470 448 449 469 455 458 457 452 453 454 453 471 473 474 458 455 464 468 460 475 467 476 475 466 467 442 445 459 468 464 477 472 447 444 334 468 477 478 479 470 480 469 479 472 470 447 443 441 481 473 471 482 470 472 478 469 470 479 473 474 455 448 471 453 471 480 482 483 474 473 466 477 464 484 476 485 484 475 476 334 442 468 477 466 486 481 472 443 336 477 486 487 488 478 489 479 488 481 478 472 441 335 490 482 480 491 478 481 487 479 478 488 482 483 473 469 480 471 480 489 491 492 483 482 475 486 466 493 485 494 495 497 496 336 334 477 486 475 498 490 481 441 486 498 440 499 500 487 501 488 500 490 487 481 335 439 502 491 489 503 487 490 499 488 487 500 491 492 482 479 489 480 489 501 503 504 492 491 484 498 475 505 494 506 505 493 494 440 336 486 484 507 498 502 490 335 437 498 507 508 509 499 510 500 509 502 499 490 439 438 511 503 501 512 499 502 508 500 499 509 503 504 491 488 501 489 501 510 512 513 504 503 484 493 507 493 484 485 505 506 514 437 440 498 507 493 515 511 502 439 507 515 435 516 517 508 518 509 517 511 508 502 438 436 519 512 510 520 508 511 516 509 508 517 512 513 503 500 510 501 510 518 520 521 513 512 505 515 493 522 514 506 523 514 522 435 437 507 515 505 524 519 511 438 515 524 434 525 526 516 527 526 525 519 516 511 436 433 528 520 518 529 516 519 525 517 516 526 520 521 512 509 518 510 518 530 529 531 521 520 514 524 505 532 523 522 533 523 532 434 435 515 524 514 534 528 519 436 524 534 430 535 527 525 536 527 535 528 525 519 433 431 432 526 530 517 535 525 528 530 537 529 529 531 520 517 530 518 530 538 537 539 531 529 523 534 514 495 533 532 540 542 541 430 434 524 534 523 543 432 528 433 534 543 429 544 536 535 545 536 544 432 535 528 431 427 428 527 538 526 544 535 432 538 546 537 537 539 529 526 538 530 538 547 546 548 539 537 543 523 533 549 497 541 549 496 497 429 430 534 550 543 533 426 423 422 426 543 550 551 545 544 552 545 551 428 544 432 427 424 425 536 547 527 551 544 428 547 553 546 546 548 537 527 547 538 547 554 553 555 548 546 533 496 550 496 533 495 556 558 557 426 429 543 559 540 560 423 420 418 423 550 561 562 552 551 563 552 562 425 551 428 424 422 421 545 554 536 562 551 425 554 564 553 553 555 546 536 554 547 554 565 564 566 555 553 496 561 550 549 561 496 559 542 540 423 426 550 567 561 549 420 417 416 561 567 420 568 563 562 569 563 568 421 562 425 422 418 419 552 565 545 568 562 421 565 570 564 564 566 553 545 565 554 565 571 570 572 566 564 549 542 567 542 549 541 573 575 574 420 423 561 576 567 542 417 412 411 567 576 417 577 569 568 578 569 577 419 568 421 418 416 415 563 571 552 577 568 419 571 579 570 570 572 564 552 571 565 571 580 579 581 572 570 559 576 542 556 582 560 557 582 556 417 420 567 583 576 559 412 408 409 583 412 576 584 578 577 585 578 584 415 577 419 416 411 414 569 580 563 584 577 415 586 579 587 579 581 570 563 580 571 580 588 587 586 581 579 559 582 583 582 559 560 589 591 590 412 417 576 592 583 582 408 405 406 583 592 408 593 585 584 594 585 593 414 584 415 411 409 413 578 588 569 593 584 414 595 587 596 580 587 579 569 588 580 588 597 596 586 587 595 557 592 582 575 598 558 573 598 575 408 412 583 599 592 557 405 403 404 599 405 592 600 594 593 601 594 600 413 593 414 409 406 410 585 597 578 600 593 413 602 596 603 588 596 587 578 597 588 597 604 603 595 596 602 557 598 599 598 557 558 605 573 574 405 408 592 606 599 598 403 339 331 599 606 403 607 594 601 608 601 609 410 600 413 406 404 407 594 604 585 609 600 410 610 603 611 597 603 596 585 604 597 604 607 611 602 603 610 573 606 598 591 605 574 612 614 613 403 405 599 615 590 616 339 343 338 606 617 339 618 601 608 609 601 600 407 609 410 332 404 331 608 620 619 620 609 407 621 611 622 604 611 603 594 607 604 607 618 622 610 611 621 573 617 606 605 617 573 615 589 590 339 403 606 617 605 623 342 340 343 623 343 617 624 608 619 620 608 609 332 620 407 333 331 338 619 626 625 626 620 332 627 622 628 607 622 611 601 618 607 618 624 628 621 622 627 605 589 623 589 605 591 629 615 616 343 339 617 630 623 589 345 341 342 630 342 623 631 619 625 626 619 620 333 626 332 337 338 340 625 633 632 633 626 333 634 628 635 618 628 622 608 624 618 624 631 635 627 628 634 615 630 589 613 629 616 629 613 614 342 343 623 636 612 637 349 344 345 630 638 345 639 625 632 633 625 626 337 633 333 346 340 341 632 641 640 641 633 337 642 635 643 624 635 628 619 631 624 631 639 643 634 635 642 615 638 630 638 615 629 644 646 645 345 342 630 647 637 648 349 351 348 638 649 349 650 632 640 641 632 633 346 641 337 347 341 344 640 652 651 652 641 346 653 643 654 631 643 635 625 639 631 639 650 654 642 643 653 629 649 638 614 649 629 636 637 647 349 345 638 649 614 655 377 352 351 655 351 649 656 640 651 652 640 641 347 652 346 350 344 348 651 658 657 658 652 347 659 654 660 639 654 643 632 650 639 650 656 660 653 654 659 614 636 655 636 614 612 661 647 648 351 349 649 662 655 636 359 360 377 662 377 655 663 651 657 658 651 652 350 658 347 353 348 352 657 665 664 665 658 350 666 660 667 650 660 654 640 656 650 656 663 667 659 660 666 647 662 636 646 661 648 668 670 669 377 351 655 671 645 672 359 362 358 662 673 359 674 657 664 665 657 658 353 665 350 357 352 360 664 676 675 676 665 353 677 667 678 656 667 660 651 663 656 663 674 678 666 667 677 647 673 662 673 647 661 644 645 671 359 377 662 673 661 679 362 461 363 679 362 673 680 664 675 676 664 665 357 676 353 361 360 358 675 682 681 682 676 357 683 678 684 663 678 667 657 674 663 674 680 684 677 678 683 661 644 679 644 661 646 685 671 672 362 359 673 686 679 644 385 386 461 686 461 679 687 675 681 682 675 676 361 682 357 364 358 363 681 689 688 689 682 361 690 684 691 674 684 678 664 680 674 680 687 691 683 684 690 671 686 644 692 685 672 693 685 692 461 362 679 686 671 694 385 370 368 385 686 694 695 681 688 689 681 682 364 689 361 384 363 386 688 382 383 382 689 364 696 691 697 680 691 684 675 687 680 687 695 697 690 691 696 685 694 671 668 693 692 388 462 698 385 461 686 670 394 395 371 384 386 370 694 699 700 688 383 382 688 689 384 382 364 386 368 371 383 380 381 380 382 384 701 697 702 687 697 691 681 695 687 695 700 702 696 697 701 685 699 694 699 685 693 670 395 669 370 385 694 699 693 703 368 369 373 387 370 699 354 372 704 381 705 383 371 380 384 368 373 371 381 372 354 372 380 371 706 702 707 695 702 697 688 700 695 700 705 707 701 702 706 693 669 703 669 693 668 391 708 387 703 387 699 703 669 709 708 710 369 391 387 703 710 704 373 369 387 708 354 711 381 373 369 710 354 704 356 372 373 704 712 707 713 700 707 702 383 705 700 705 711 713 706 707 712 395 709 669 462 396 394 714 708 392 709 391 703 715 709 395 716 710 714 393 391 709 356 704 716 392 708 391 717 719 718 714 710 708 711 379 713 704 710 716 720 713 379 705 713 707 381 711 705 711 355 379 712 713 720 715 395 396 721 390 698 393 723 722 715 393 709 396 724 715 392 722 725 715 723 393 714 725 726 393 722 392 716 726 717 392 725 714 356 717 376 716 714 726 356 716 717 374 727 379 354 355 711 355 376 374 720 379 727 388 724 396 728 729 389 729 723 724 724 723 715 724 389 729 730 722 723 723 729 730 731 725 722 722 730 731 732 726 725 725 731 732 719 717 726 726 732 719 376 717 718 375 733 374 356 376 355 376 718 375 727 374 733 698 390 388 399 721 401 730 729 734 388 389 724 389 400 728 731 730 735 729 728 734 732 731 736 730 734 735 719 732 737 731 735 736 718 719 738 732 736 737 457 367 365 719 737 738 365 375 718 738 365 718 733 375 378 721 399 390 390 400 389 397 456 400 399 397 400 456 446 728 400 456 728 446 451 734 728 446 734 451 450 735 734 451 735 450 452 736 735 450 736 452 454 737 736 452 737 454 457 738 737 454 738 457 365 738 366 375 365 739 741 740 742 744 743 745 741 746 741 745 740 747 748 746 745 746 748 747 750 749 749 748 747 751 750 752 750 751 749 753 754 752 751 752 754 753 756 755 755 754 753 757 756 758 756 757 755 759 760 758 757 758 760 759 762 761 761 760 759 763 764 739 739 740 763 764 766 765 766 764 763 767 765 768 766 768 765 769 770 767 767 768 769 770 772 771 772 770 769 773 771 774 772 774 771 775 776 773 773 774 775 776 778 777 778 776 775 779 777 780 778 780 777 781 783 782 779 780 742 784 786 785 787 789 788 790 792 791 793 795 794 796 798 797 799 801 800 802 804 803 805 807 806 808 809 802 802 803 808 809 811 810 811 809 808 812 810 813 811 813 810 814 762 812 812 813 814 761 762 814 804 806 803 805 798 807 804 805 806 796 797 799 807 798 796 800 801 791 799 797 801 795 792 790 792 800 791 784 793 794 794 795 790 786 788 785 784 785 793 787 781 789 786 787 788 782 783 744 789 781 782 742 743 779 744 783 743 815 817 816 818 820 819 821 816 822 817 822 816 823 824 821 821 822 823 824 826 825 826 824 823 827 825 828 826 828 825 829 830 827 827 828 829 830 832 831 832 830 829 833 831 834 832 834 831 835 836 833 833 834 835 837 836 835 837 838 836 817 815 839 840 841 839 839 815 840 841 843 842 843 841 840 844 842 845 843 845 842 846 847 844 844 845 846 847 849 848 849 847 846 850 848 851 849 851 848 852 853 850 850 851 852 853 855 854 855 853 852 855 820 854 856 858 857 854 820 818 859 861 860 862 864 863 865 867 866 868 870 869 871 873 872 874 876 875 877 879 878 880 882 881 883 885 884 877 884 885 883 887 886 886 885 883 888 887 889 887 888 886 838 890 889 888 889 890 837 890 838 879 881 878 877 878 884 880 873 882 879 880 881 871 872 874 882 873 871 875 876 866 874 872 876 870 867 865 867 875 866 859 868 869 869 870 865 861 863 860 859 860 868 862 856 864 861 862 863 857 858 819 864 856 857 818 819 858 891 893 892 894 895 891 891 892 894 892 893 896 893 897 896 896 897 898 899 901 900 902 904 903 905 907 906 908 910 909 911 909 912 913 908 914 908 913 910 902 911 912 909 910 912 903 904 906 911 902 903 905 899 907 904 905 906 900 907 899 915 917 916 918 919 916 915 916 919 918 921 920 920 919 918 922 921 923 921 922 920 924 925 923 922 923 925 924 927 926 926 925 924 928 927 929 927 928 926 930 931 929 928 929 931 930 933 932 932 931 930 934 933 935 933 934 932 936 937 935 934 935 937 938 937 936 939 917 915 940 939 941 939 940 917 942 943 941 940 941 943 942 945 944 944 943 942 946 945 947 945 946 944 948 949 947 946 947 949 948 951 950 950 949 948 952 951 953 951 952 950 954 955 953 952 953 955 954 957 956 956 955 954 958 957 959 957 958 956 958 959 960 961 963 962 964 966 965 967 969 968 970 972 971 973 971 972 974 970 971 973 964 965 973 972 964 966 967 968 965 966 968 961 962 969 967 961 969 975 977 976 978 976 979 977 979 976 980 981 978 978 979 980 977 975 982 982 984 983 984 982 975 984 985 983 983 985 986 987 989 988 990 992 991 993 995 994 996 998 997 999 997 998 1000 996 997 999 990 991 999 998 990 992 993 994 991 992 994 987 988 995 993 987 995 1001 1003 1002 1004 1005 1002 1001 1002 1005 1004 1007 1006 1006 1005 1004 1008 1007 1009 1007 1008 1006 1010 1011 1009 1008 1009 1011 1010 1013 1012 1012 1011 1010 1014 1013 1015 1013 1014 1012 1016 1017 1015 1014 1015 1017 1016 1019 1018 1018 1017 1016 1020 1019 1021 1019 1020 1018 1022 1023 1021 1020 1021 1023 1024 1023 1022 1025 1003 1001 1026 1025 1027 1025 1026 1003 1028 1029 1027 1026 1027 1029 1028 1031 1030 1030 1029 1028 1032 1031 1033 1031 1032 1030 1034 1035 1033 1032 1033 1035 1034 1037 1036 1036 1035 1034 1038 1037 1039 1037 1038 1036 1040 1041 1039 1038 1039 1041 1040 1043 1042 1042 1041 1040 1044 1043 1045 1043 1044 1042 1044 1045 1046 1047 1049 1048 1050 1052 1051 1053 1055 1054 1056 1058 1057 1059 1057 1060 1061 1056 1062 1056 1061 1058 1050 1059 1060 1057 1058 1060 1051 1052 1054 1059 1050 1051 1053 1047 1055 1052 1053 1054 1048 1055 1047 1063 1065 1064 1066 1067 1063 1063 1064 1066 1064 1065 1068 1065 1069 1068 1068 1069 1070 1071 1073 1072 1074 1076 1075 1077 1079 1078 1080 1082 1081 1083 1081 1084 1085 1080 1086 1080 1085 1082 1074 1083 1084 1081 1082 1084 1075 1076 1078 1083 1074 1075 1077 1071 1079 1076 1077 1078 1072 1079 1071 1087 1089 1088 1090 1091 1088 1087 1088 1091 1090 1093 1092 1092 1091 1090 1094 1093 1095 1093 1094 1092 1096 1097 1095 1094 1095 1097 1096 1099 1098 1098 1097 1096 1100 1099 1101 1099 1100 1098 1102 1103 1101 1100 1101 1103 1102 1105 1104 1104 1103 1102 1106 1105 1107 1105 1106 1104 1108 1109 1107 1106 1107 1109 1110 1109 1108 1111 1089 1087 1112 1111 1113 1111 1112 1089 1114 1115 1113 1112 1113 1115 1114 1117 1116 1116 1115 1114 1118 1117 1119 1117 1118 1116 1120 1121 1119 1118 1119 1121 1120 1123 1122 1122 1121 1120 1124 1123 1125 1123 1124 1122 1126 1127 1125 1124 1125 1127 1126 1129 1128 1128 1127 1126 1130 1129 1131 1129 1130 1128 1130 1131 1132 1133 1135 1134 1136 1138 1137 1139 1141 1140 1142 1144 1143 1145 1143 1144 1146 1142 1143 1145 1136 1137 1145 1144 1136 1138 1139 1140 1137 1138 1140 1133 1134 1141 1139 1133 1141 1147 1149 1148 1150 1148 1151 1149 1151 1148 1152 1153 1150 1150 1151 1152 1149 1147 1154 1154 1156 1155 1156 1154 1147 1156 1157 1155 1155 1157 1158 1159 1161 1160 1162 1164 1163 1165 1167 1166 1168 1170 1169 1171 1169 1170 1172 1168 1169 1171 1162 1163 1171 1170 1162 1164 1165 1166 1163 1164 1166 1159 1160 1167 1165 1159 1167 1173 1175 1174 1176 1177 1174 1173 1174 1177 1176 1179 1178 1178 1177 1176 1180 1179 1181 1179 1180 1178 1182 1183 1181 1180 1181 1183 1182 1185 1184 1184 1183 1182 1186 1185 1187 1185 1186 1184 1188 1189 1187 1186 1187 1189 1188 1191 1190 1190 1189 1188 1192 1191 1193 1191 1192 1190 1194 1195 1193 1192 1193 1195 1196 1195 1194 1197 1175 1173 1198 1197 1199 1197 1198 1175 1200 1201 1199 1198 1199 1201 1200 1203 1202 1202 1201 1200 1204 1203 1205 1203 1204 1202 1206 1207 1205 1204 1205 1207 1206 1209 1208 1208 1207 1206 1210 1209 1211 1209 1210 1208 1212 1213 1211 1210 1211 1213 1212 1215 1214 1214 1213 1212 1216 1215 1217 1215 1216 1214 1216 1217 1218 1219 1221 1220 1222 1224 1223 1225 1227 1226 1228 1230 1229 1231 1229 1232 1233 1228 1234 1228 1233 1230 1222 1231 1232 1229 1230 1232 1223 1224 1226 1231 1222 1223 1225 1219 1227 1224 1225 1226 1220 1227 1219 1235 1237 1236 1238 1240 1239 1238 1241 1240 1242 1244 1243 1245 1247 1246 1248 1250 1249 1251 1253 1252 1254 1256 1255 1257 1259 1258 1260 1262 1261 1263 1264 1260 1265 1267 1266 1268 1270 1269 1271 1273 1272 1246 1275 1274 1276 1249 1277 1278 1280 1279 1259 1257 1281 1282 1283 1263 1284 1286 1285 1287 1288 1244 1289 1291 1290 1258 1259 1292 1293 1295 1294 1296 1298 1297 1299 1261 1300 1283 1264 1263 1296 1302 1301 1303 1305 1304 1271 1306 1299 1307 1273 1308 1260 1310 1309 1311 1312 1291 1313 1308 1312 1314 1258 1292 1315 1317 1316 1280 1319 1318 1320 1318 1321 1322 1324 1323 1325 1320 1326 1327 1328 1322 1253 1329 1252 1276 1248 1249 1330 1331 1248 1250 1248 1331 1252 1329 1330 1329 1331 1330 1251 1238 1239 1253 1251 1332 1333 1251 1239 1333 1335 1334 1333 1332 1251 1334 1332 1333 1336 1335 1333 1337 1339 1338 1340 1342 1341 1236 1344 1343 1345 1347 1346 1348 1346 1347 1349 1351 1350 1352 1354 1353 1355 1351 1353 1352 1357 1356 1358 1360 1359 1361 1357 1358 1360 1363 1362 1349 1364 1348 1345 1366 1365 1235 1341 1367 1343 1344 1366 1368 1370 1369 1369 1371 1340 1372 1374 1373 1375 1368 1376 1376 1374 1377 1378 1379 1373 1380 1382 1381 1383 1382 1384 1385 1387 1386 1388 1390 1389 1391 1392 1390 1334 1393 1332 1337 1336 1339 1388 1395 1394 1394 1390 1388 1338 1339 1394 1338 1394 1395 1335 1336 1337 1396 1397 1393 1393 1334 1396 1398 1397 1396 1399 1398 1400 1398 1399 1397 1401 1403 1402 1404 1406 1405 1407 1402 1408 1409 1411 1410 1412 1414 1413 1383 1384 1415 1416 1418 1417 1419 1421 1420 1422 1423 1414 1424 1426 1425 1427 1428 1410 1429 1431 1430 1432 1433 1430 1428 1434 1433 1435 1436 1429 1410 1414 1423 1437 1439 1438 1440 1441 1435 1442 1417 1443 1304 1444 1302 1424 1437 1445 1446 1443 1425 1415 1448 1447 1419 1449 1381 1450 1452 1451 1453 1455 1454 1403 1456 1400 1457 1459 1458 1460 1404 1405 1458 1461 1457 1404 1408 1406 1407 1401 1402 1404 1407 1408 1456 1403 1401 1456 1462 1400 1453 1463 1456 1463 1453 1454 1463 1462 1456 1462 1399 1400 1464 1466 1465 1266 1468 1467 1469 1471 1470 1470 1472 1466 1297 1473 1469 1246 1274 1245 1274 1275 1474 1475 1477 1476 1478 1303 1293 1467 1480 1479 1265 1268 1481 1482 1484 1483 1286 1485 1285 1485 1487 1486 1284 1288 1286 1287 1244 1242 1286 1288 1287 1242 1243 1462 1399 1462 1243 1488 1490 1489 1491 1492 1363 1390 1386 1391 1387 1391 1386 1389 1390 1392 1378 1388 1493 1389 1493 1388 1494 1378 1495 1378 1493 1495 1378 1494 1379 1378 1373 1374 1372 1377 1374 1377 1375 1376 1375 1370 1368 1370 1371 1369 1371 1342 1340 1342 1367 1341 1367 1237 1235 1236 1343 1235 1365 1366 1344 1347 1345 1365 1496 1497 1491 1348 1364 1346 1349 1350 1364 1351 1355 1350 1353 1354 1355 1352 1356 1354 1357 1361 1356 1358 1359 1361 1360 1362 1359 1363 1492 1362 1363 1496 1491 1489 1497 1498 1496 1498 1497 1488 1489 1499 1489 1498 1499 1489 1490 1386 1500 1386 1501 1386 1490 1501 1385 1386 1500 1275 1502 1474 1503 1505 1504 1464 1465 1247 1464 1247 1245 1466 1472 1465 1470 1471 1472 1469 1473 1471 1297 1298 1473 1296 1301 1298 1302 1444 1301 1304 1305 1444 1303 1478 1305 1303 1295 1293 1506 1508 1507 1506 1294 1509 1295 1509 1294 1506 1509 1508 1510 1476 1479 1484 1506 1511 1507 1511 1506 1485 1512 1285 1513 1484 1514 1484 1511 1514 1483 1484 1513 1482 1487 1484 1512 1485 1486 1484 1487 1485 1270 1285 1515 1512 1515 1285 1516 1270 1517 1270 1515 1517 1270 1516 1269 1270 1268 1265 1481 1267 1265 1267 1468 1266 1468 1480 1467 1480 1510 1479 1475 1518 1477 1510 1475 1476 1504 1505 1518 1477 1518 1505 1505 1503 1502 1474 1502 1503 1519 1520 1405 1438 1439 1421 1440 1418 1521 1412 1422 1414 1423 1409 1410 1427 1410 1411 1434 1428 1427 1430 1433 1434 1430 1431 1432 1429 1436 1431 1435 1441 1436 1440 1521 1441 1418 1416 1521 1417 1442 1416 1443 1446 1442 1425 1426 1446 1424 1445 1426 1437 1438 1445 1420 1421 1439 1449 1419 1420 1380 1381 1449 1383 1381 1382 1447 1523 1522 1448 1415 1384 1523 1447 1448 1522 1451 1452 1451 1522 1523 1450 1524 1452 1524 1526 1525 1450 1526 1524 1459 1457 1525 1524 1525 1457 1457 1461 1519 1520 1460 1405 1519 1405 1457 1460 1528 1527 1520 1528 1460 1529 1414 1527 1460 1527 1414 1413 1414 1529 1292 1530 1314 1531 1530 1532 1278 1279 1281 1279 1259 1281 1319 1280 1278 1321 1318 1319 1533 1325 1534 1326 1320 1321 1326 1534 1325 1533 1535 1324 1534 1535 1533 1328 1536 1322 1533 1324 1322 1322 1323 1327 1536 1277 1249 1536 1249 1322 1276 1538 1537 1277 1538 1276 1539 1263 1537 1276 1537 1263 1540 1263 1539 1263 1540 1282 1255 1290 1254 1264 1310 1260 1262 1260 1309 1300 1261 1262 1271 1299 1300 1271 1272 1306 1273 1307 1272 1308 1313 1307 1312 1311 1313 1291 1289 1311 1290 1255 1289 1541 1256 1254 1316 1541 1315 1541 1316 1256 1315 1542 1317 1531 1532 1542 1317 1542 1532 1530 1531 1314 1543 1545 1544 1546 1548 1547 1545 1550 1549 1550 1545 1543 1551 1549 1552 1550 1552 1549 1553 1554 1551 1551 1552 1553 1554 1556 1555 1556 1554 1553 1557 1555 1558 1556 1558 1555 1559 1560 1557 1557 1558 1559 1560 1562 1561 1562 1560 1559 1563 1561 1564 1562 1564 1561 1565 1566 1563 1563 1564 1565 1543 1544 1567 1568 1569 1567 1567 1544 1568 1569 1571 1570 1571 1569 1568 1572 1570 1573 1571 1573 1570 1574 1575 1572 1572 1573 1574 1575 1577 1576 1577 1575 1574 1578 1576 1579 1577 1579 1576 1580 1581 1578 1578 1579 1580 1581 1583 1582 1583 1581 1580 1583 1547 1582 1582 1547 1548 1584 1586 1585 1587 1589 1588 1590 1592 1591 1593 1595 1594 1596 1598 1597 1599 1601 1600 1602 1604 1603 1605 1607 1606 1608 1610 1609 1611 1612 1610 1613 1614 1608 1608 1609 1613 1614 1616 1615 1616 1614 1613 1617 1615 1618 1616 1618 1615 1566 1565 1617 1617 1618 1566 1602 1612 1611 1610 1612 1609 1604 1605 1603 1611 1604 1602 1606 1607 1598 1603 1605 1606 1596 1597 1601 1598 1607 1597 1591 1599 1600 1599 1596 1601 1594 1592 1590 1590 1591 1600 1593 1584 1595 1594 1595 1592 1586 1589 1585 1593 1586 1584 1587 1588 1546 1585 1589 1587 1548 1546 1588 1619 1621 1620 1622 1624 1623 1625 1627 1626 1628 1630 1629 1627 1632 1631 1633 1635 1634 1632 1637 1636 1638 1640 1639 1637 1642 1641 1643 1645 1644 1646 1642 1620 1647 1649 1648 1619 1651 1650 1652 1654 1653 1655 1657 1656 1624 1622 1625 1658 1660 1659 1661 1663 1662 1664 1666 1665 1665 1668 1667 1669 1670 1658 1664 1670 1671 1667 1673 1672 1674 1675 1660 1663 1672 1676 1661 1678 1677 1657 1679 1674 1656 1681 1680 1682 1683 1677 1684 1649 1685 1654 1681 1653 1686 1652 1687 1647 1685 1649 1688 1689 1651 1688 1686 1690 1691 1692 1645 1648 1693 1647 1693 1648 1691 1683 1682 1684 1683 1684 1685 1677 1678 1682 1661 1662 1678 1663 1676 1662 1672 1673 1676 1667 1668 1673 1665 1666 1668 1664 1671 1666 1670 1669 1671 1658 1659 1669 1660 1675 1659 1674 1679 1675 1657 1655 1679 1656 1680 1655 1681 1654 1680 1687 1652 1653 1690 1686 1687 1689 1688 1690 1650 1651 1689 1621 1619 1650 1646 1620 1621 1641 1642 1646 1636 1637 1641 1631 1632 1636 1626 1627 1631 1624 1625 1626 1630 1622 1623 1633 1628 1629 1629 1630 1623 1635 1640 1634 1633 1634 1628 1639 1643 1638 1635 1639 1640 1644 1645 1692 1638 1643 1644 1691 1645 1693 1694 1696 1695 1697 1699 1698 1696 1701 1700 1701 1696 1694 1702 1700 1703 1701 1703 1700 1704 1705 1702 1702 1703 1704 1705 1707 1706 1707 1705 1704 1708 1706 1709 1707 1709 1706 1710 1711 1708 1708 1709 1710 1711 1713 1712 1713 1711 1710 1714 1712 1715 1713 1715 1712 1716 1717 1714 1714 1715 1716 1694 1695 1718 1719 1720 1718 1718 1695 1719 1720 1722 1721 1722 1720 1719 1723 1721 1724 1722 1724 1721 1725 1726 1723 1723 1724 1725 1726 1728 1727 1728 1726 1725 1729 1727 1730 1728 1730 1727 1731 1732 1729 1729 1730 1731 1732 1734 1733 1734 1732 1731 1734 1698 1733 1733 1698 1699 1735 1737 1736 1738 1740 1739 1741 1743 1742 1744 1746 1745 1747 1749 1748 1750 1752 1751 1753 1755 1754 1756 1758 1757 1759 1761 1760 1762 1763 1761 1764 1765 1759 1759 1760 1764 1765 1767 1766 1767 1765 1764 1768 1766 1769 1767 1769 1766 1717 1716 1768 1768 1769 1717 1753 1763 1762 1761 1763 1760 1755 1756 1754 1762 1755 1753 1757 1758 1749 1754 1756 1757 1747 1748 1752 1749 1758 1748 1742 1750 1751 1750 1747 1752 1745 1743 1741 1741 1742 1751 1744 1735 1746 1745 1746 1743 1737 1740 1736 1744 1737 1735 1738 1739 1697 1736 1740 1738 1699 1697 1739 1770 1772 1771 1773 1775 1774 1776 1778 1777 1779 1781 1780 1778 1783 1782 1784 1786 1785 1783 1788 1787 1789 1791 1790 1788 1793 1792 1794 1796 1795 1797 1793 1771 1798 1800 1799 1770 1802 1801 1803 1805 1804 1806 1808 1807 1775 1773 1776 1809 1811 1810 1812 1814 1813 1815 1817 1816 1816 1819 1818 1820 1821 1809 1815 1821 1822 1818 1824 1823 1825 1826 1811 1814 1823 1827 1812 1829 1828 1808 1830 1825 1807 1832 1831 1833 1834 1828 1835 1800 1836 1805 1832 1804 1837 1803 1838 1798 1836 1800 1839 1840 1802 1839 1837 1841 1842 1843 1796 1799 1844 1798 1844 1799 1842 1834 1833 1835 1834 1835 1836 1828 1829 1833 1812 1813 1829 1814 1827 1813 1823 1824 1827 1818 1819 1824 1816 1817 1819 1815 1822 1817 1821 1820 1822 1809 1810 1820 1811 1826 1810 1825 1830 1826 1808 1806 1830 1807 1831 1806 1832 1805 1831 1838 1803 1804 1841 1837 1838 1840 1839 1841 1801 1802 1840 1772 1770 1801 1797 1771 1772 1792 1793 1797 1787 1788 1792 1782 1783 1787 1777 1778 1782 1775 1776 1777 1781 1773 1774 1784 1779 1780 1780 1781 1774 1786 1791 1785 1784 1785 1779 1790 1794 1789 1786 1790 1791 1795 1796 1843 1789 1794 1795 1842 1796 1844 1845 1847 1846 1848 1850 1849 1847 1852 1851 1852 1847 1845 1853 1851 1854 1852 1854 1851 1855 1856 1853 1853 1854 1855 1856 1858 1857 1858 1856 1855 1859 1857 1860 1858 1860 1857 1861 1862 1859 1859 1860 1861 1862 1864 1863 1864 1862 1861 1865 1863 1866 1864 1866 1863 1867 1868 1865 1865 1866 1867 1845 1846 1869 1870 1871 1869 1869 1846 1870 1871 1873 1872 1873 1871 1870 1874 1872 1875 1873 1875 1872 1876 1877 1874 1874 1875 1876 1877 1879 1878 1879 1877 1876 1880 1878 1881 1879 1881 1878 1882 1883 1880 1880 1881 1882 1883 1885 1884 1885 1883 1882 1885 1849 1884 1884 1849 1850 1886 1888 1887 1889 1891 1890 1892 1894 1893 1895 1897 1896 1898 1900 1899 1901 1903 1902 1904 1906 1905 1907 1909 1908 1910 1912 1911 1913 1914 1912 1915 1916 1910 1910 1911 1915 1916 1918 1917 1918 1916 1915 1919 1917 1920 1918 1920 1917 1868 1867 1919 1919 1920 1868 1904 1914 1913 1912 1914 1911 1906 1907 1905 1913 1906 1904 1908 1909 1900 1905 1907 1908 1898 1899 1903 1900 1909 1899 1893 1901 1902 1901 1898 1903 1896 1894 1892 1892 1893 1902 1895 1886 1897 1896 1897 1894 1888 1891 1887 1895 1888 1886 1889 1890 1848 1887 1891 1889 1850 1848 1890 1921 1923 1922 1924 1926 1925 1927 1929 1928 1930 1932 1931 1929 1934 1933 1935 1937 1936 1934 1939 1938 1940 1942 1941 1939 1944 1943 1945 1947 1946 1948 1944 1922 1949 1951 1950 1921 1953 1952 1954 1956 1955 1957 1959 1958 1926 1924 1927 1960 1962 1961 1963 1965 1964 1966 1968 1967 1967 1970 1969 1971 1972 1960 1966 1972 1973 1969 1975 1974 1976 1977 1962 1965 1974 1978 1963 1980 1979 1959 1981 1976 1958 1983 1982 1984 1985 1979 1986 1951 1987 1956 1983 1955 1988 1954 1989 1949 1987 1951 1990 1991 1953 1990 1988 1992 1993 1994 1947 1950 1995 1949 1995 1950 1993 1985 1984 1986 1985 1986 1987 1979 1980 1984 1963 1964 1980 1965 1978 1964 1974 1975 1978 1969 1970 1975 1967 1968 1970 1966 1973 1968 1972 1971 1973 1960 1961 1971 1962 1977 1961 1976 1981 1977 1959 1957 1981 1958 1982 1957 1983 1956 1982 1989 1954 1955 1992 1988 1989 1991 1990 1992 1952 1953 1991 1923 1921 1952 1948 1922 1923 1943 1944 1948 1938 1939 1943 1933 1934 1938 1928 1929 1933 1926 1927 1928 1932 1924 1925 1935 1930 1931 1931 1932 1925 1937 1942 1936 1935 1936 1930 1941 1945 1940 1937 1941 1942 1946 1947 1994 1940 1945 1946 1993 1947 1995 1996 1998 1997 1999 2001 2000 1998 2003 2002 2003 1998 1996 2004 2002 2005 2003 2005 2002 2006 2007 2004 2004 2005 2006 2007 2009 2008 2009 2007 2006 2010 2008 2011 2009 2011 2008 2012 2013 2010 2010 2011 2012 2013 2015 2014 2015 2013 2012 2016 2014 2017 2015 2017 2014 2018 2019 2016 2016 2017 2018 1996 1997 2020 2021 2022 2020 2020 1997 2021 2022 2024 2023 2024 2022 2021 2025 2023 2026 2024 2026 2023 2027 2028 2025 2025 2026 2027 2028 2030 2029 2030 2028 2027 2031 2029 2032 2030 2032 2029 2033 2034 2031 2031 2032 2033 2034 2036 2035 2036 2034 2033 2036 2000 2035 2035 2000 2001 2037 2039 2038 2040 2042 2041 2043 2045 2044 2046 2048 2047 2049 2051 2050 2052 2054 2053 2055 2057 2056 2058 2060 2059 2061 2063 2062 2064 2065 2063 2066 2067 2061 2061 2062 2066 2067 2069 2068 2069 2067 2066 2070 2068 2071 2069 2071 2068 2019 2018 2070 2070 2071 2019 2055 2065 2064 2063 2065 2062 2057 2058 2056 2064 2057 2055 2059 2060 2051 2056 2058 2059 2049 2050 2054 2051 2060 2050 2044 2052 2053 2052 2049 2054 2047 2045 2043 2043 2044 2053 2046 2037 2048 2047 2048 2045 2039 2042 2038 2046 2039 2037 2040 2041 1999 2038 2042 2040 2001 1999 2041 2072 2074 2073 2075 2077 2076 2078 2080 2079 2081 2083 2082 2080 2085 2084 2086 2088 2087 2085 2090 2089 2091 2093 2092 2090 2095 2094 2096 2098 2097 2099 2095 2073 2100 2102 2101 2072 2104 2103 2105 2107 2106 2108 2110 2109 2077 2075 2078 2111 2113 2112 2114 2116 2115 2117 2119 2118 2118 2121 2120 2122 2123 2111 2117 2123 2124 2120 2126 2125 2127 2128 2113 2116 2125 2129 2114 2131 2130 2110 2132 2127 2109 2134 2133 2135 2136 2130 2137 2102 2138 2107 2134 2106 2139 2105 2140 2100 2138 2102 2141 2142 2104 2141 2139 2143 2144 2145 2098 2101 2146 2100 2146 2101 2144 2136 2135 2137 2136 2137 2138 2130 2131 2135 2114 2115 2131 2116 2129 2115 2125 2126 2129 2120 2121 2126 2118 2119 2121 2117 2124 2119 2123 2122 2124 2111 2112 2122 2113 2128 2112 2127 2132 2128 2110 2108 2132 2109 2133 2108 2134 2107 2133 2140 2105 2106 2143 2139 2140 2142 2141 2143 2103 2104 2142 2074 2072 2103 2099 2073 2074 2094 2095 2099 2089 2090 2094 2084 2085 2089 2079 2080 2084 2077 2078 2079 2083 2075 2076 2086 2081 2082 2082 2083 2076 2088 2093 2087 2086 2087 2081 2092 2096 2091 2088 2092 2093 2097 2098 2145 2091 2096 2097 2144 2098 2146 2147 2149 2148 2150 2149 2151 2149 2150 2148 2152 2153 2151 2150 2151 2153 2152 2155 2154 2154 2153 2152 2156 2155 2157 2155 2156 2154 2158 2159 2157 2156 2157 2159 2158 2161 2160 2160 2159 2158 2162 2161 2163 2161 2162 2160 2164 2165 2163 2162 2163 2165 2164 2167 2166 2166 2165 2164 2168 2167 2169 2167 2168 2166 2170 2171 2169 2168 2169 2171 2170 2173 2172 2172 2171 2170 2174 2173 2175 2173 2174 2172 2176 2177 2175 2174 2175 2177 2176 2179 2178 2178 2177 2176 2180 2179 2181 2179 2180 2178 2182 2183 2181 2180 2181 2183 2182 2185 2184 2184 2183 2182 2186 2187 2147 2147 2148 2186 2187 2189 2188 2189 2187 2186 2190 2188 2191 2189 2191 2188 2192 2193 2190 2190 2191 2192 2193 2195 2194 2195 2193 2192 2196 2194 2197 2195 2197 2194 2198 2199 2196 2196 2197 2198 2199 2201 2200 2201 2199 2198 2202 2200 2203 2201 2203 2200 2204 2205 2202 2202 2203 2204 2205 2207 2206 2207 2205 2204 2208 2206 2209 2207 2209 2206 2210 2211 2208 2208 2209 2210 2211 2213 2212 2213 2211 2210 2214 2212 2215 2213 2215 2212 2216 2217 2214 2214 2215 2216 2217 2219 2218 2219 2217 2216 2185 2218 2220 2219 2220 2218 2185 2220 2184 2221 2223 2222 2224 2226 2225 2224 2227 2226 2228 2225 2229 2226 2229 2225 2230 2231 2228 2228 2229 2230 2231 2233 2232 2233 2231 2230 2234 2236 2235 2233 2237 2232 2238 2240 2239 2241 2243 2242 2244 2246 2245 2247 2249 2248 2250 2252 2251 2253 2255 2254 2256 2257 2253 2257 2256 2249 2253 2254 2256 2250 2247 2248 2247 2257 2249 2252 2250 2248 2244 2251 2246 2246 2251 2252 2239 2240 2245 2245 2240 2244 2241 2242 2238 2239 2241 2238 2243 2223 2221 2242 2243 2221 2222 2236 2234 2222 2223 2236 2232 2237 2235 2237 2234 2235 2258 2260 2259 2261 2260 2262 2260 2261 2259 2263 2264 2262 2261 2262 2264 2263 2266 2265 2265 2264 2263 2267 2266 2268 2266 2267 2265 2269 2270 2268 2267 2268 2270 2269 2272 2271 2271 2270 2269 2273 2272 2274 2272 2273 2271 2275 2276 2274 2273 2274 2276 2275 2278 2277 2277 2276 2275 2279 2278 2280 2278 2279 2277 2281 2282 2280 2279 2280 2282 2281 2284 2283 2283 2282 2281 2285 2284 2286 2284 2285 2283 2287 2288 2286 2285 2286 2288 2287 2290 2289 2289 2288 2287 2291 2290 2292 2290 2291 2289 2293 2294 2292 2291 2292 2294 2293 2296 2295 2295 2294 2293 2297 2298 2258 2258 2259 2297 2298 2300 2299 2300 2298 2297 2301 2299 2302 2300 2302 2299 2303 2304 2301 2301 2302 2303 2304 2306 2305 2306 2304 2303 2307 2305 2308 2306 2308 2305 2309 2310 2307 2307 2308 2309 2310 2312 2311 2312 2310 2309 2313 2311 2314 2312 2314 2311 2315 2316 2313 2313 2314 2315 2316 2318 2317 2318 2316 2315 2319 2317 2320 2318 2320 2317 2321 2322 2319 2319 2320 2321 2322 2324 2323 2324 2322 2321 2325 2323 2326 2324 2326 2323 2327 2328 2325 2325 2326 2327 2328 2330 2329 2330 2328 2327 2296 2329 2331 2330 2331 2329 2296 2331 2295 2332 2334 2333 2335 2337 2336 2335 2338 2337 2339 2336 2340 2337 2340 2336 2341 2342 2339 2339 2340 2341 2342 2344 2343 2344 2342 2341 2345 2347 2346 2344 2348 2343 2349 2351 2350 2352 2354 2353 2355 2357 2356 2358 2360 2359 2361 2363 2362 2364 2366 2365 2367 2368 2364 2368 2367 2360 2364 2365 2367 2361 2358 2359 2358 2368 2360 2363 2361 2359 2355 2362 2357 2357 2362 2363 2350 2351 2356 2356 2351 2355 2352 2353 2349 2350 2352 2349 2354 2334 2332 2353 2354 2332 2333 2347 2345 2333 2334 2347 2343 2348 2346 2348 2345 2346 2369 2371 2370 2372 2371 2373 2371 2372 2370 2374 2375 2373 2372 2373 2375 2374 2377 2376 2376 2375 2374 2378 2377 2379 2377 2378 2376 2380 2381 2379 2378 2379 2381 2380 2383 2382 2382 2381 2380 2384 2383 2385 2383 2384 2382 2386 2387 2385 2384 2385 2387 2386 2389 2388 2388 2387 2386 2390 2389 2391 2389 2390 2388 2392 2393 2391 2390 2391 2393 2392 2395 2394 2394 2393 2392 2396 2395 2397 2395 2396 2394 2398 2399 2397 2396 2397 2399 2398 2401 2400 2400 2399 2398 2402 2401 2403 2401 2402 2400 2404 2405 2403 2402 2403 2405 2404 2407 2406 2406 2405 2404 2408 2409 2369 2369 2370 2408 2409 2411 2410 2411 2409 2408 2412 2410 2413 2411 2413 2410 2414 2415 2412 2412 2413 2414 2415 2417 2416 2417 2415 2414 2418 2416 2419 2417 2419 2416 2420 2421 2418 2418 2419 2420 2421 2423 2422 2423 2421 2420 2424 2422 2425 2423 2425 2422 2426 2427 2424 2424 2425 2426 2427 2429 2428 2429 2427 2426 2430 2428 2431 2429 2431 2428 2432 2433 2430 2430 2431 2432 2433 2435 2434 2435 2433 2432 2436 2434 2437 2435 2437 2434 2438 2439 2436 2436 2437 2438 2439 2441 2440 2441 2439 2438 2407 2440 2442 2441 2442 2440 2407 2442 2406 2443 2445 2444 2446 2448 2447 2446 2449 2448 2450 2447 2451 2448 2451 2447 2452 2453 2450 2450 2451 2452 2453 2455 2454 2455 2453 2452 2456 2458 2457 2455 2459 2454 2460 2462 2461 2463 2465 2464 2466 2468 2467 2469 2471 2470 2472 2474 2473 2475 2477 2476 2478 2479 2475 2479 2478 2471 2475 2476 2478 2472 2469 2470 2469 2479 2471 2474 2472 2470 2466 2473 2468 2468 2473 2474 2461 2462 2467 2467 2462 2466 2463 2464 2460 2461 2463 2460 2465 2445 2443 2464 2465 2443 2444 2458 2456 2444 2445 2458 2454 2459 2457 2459 2456 2457 2480 2482 2481 2483 2482 2484 2482 2483 2481 2485 2486 2484 2483 2484 2486 2485 2488 2487 2487 2486 2485 2489 2488 2490 2488 2489 2487 2491 2492 2490 2489 2490 2492 2491 2494 2493 2493 2492 2491 2495 2494 2496 2494 2495 2493 2497 2498 2496 2495 2496 2498 2497 2500 2499 2499 2498 2497 2501 2500 2502 2500 2501 2499 2503 2504 2502 2501 2502 2504 2503 2506 2505 2505 2504 2503 2507 2506 2508 2506 2507 2505 2509 2510 2508 2507 2508 2510 2509 2512 2511 2511 2510 2509 2513 2512 2514 2512 2513 2511 2515 2516 2514 2513 2514 2516 2515 2518 2517 2517 2516 2515 2519 2520 2480 2480 2481 2519 2520 2522 2521 2522 2520 2519 2523 2521 2524 2522 2524 2521 2525 2526 2523 2523 2524 2525 2526 2528 2527 2528 2526 2525 2529 2527 2530 2528 2530 2527 2531 2532 2529 2529 2530 2531 2532 2534 2533 2534 2532 2531 2535 2533 2536 2534 2536 2533 2537 2538 2535 2535 2536 2537 2538 2540 2539 2540 2538 2537 2541 2539 2542 2540 2542 2539 2543 2544 2541 2541 2542 2543 2544 2546 2545 2546 2544 2543 2547 2545 2548 2546 2548 2545 2549 2550 2547 2547 2548 2549 2550 2552 2551 2552 2550 2549 2518 2551 2553 2552 2553 2551 2518 2553 2517 2554 2556 2555 2557 2559 2558 2557 2560 2559 2561 2558 2562 2559 2562 2558 2563 2564 2561 2561 2562 2563 2564 2566 2565 2566 2564 2563 2567 2569 2568 2566 2570 2565 2571 2573 2572 2574 2576 2575 2577 2579 2578 2580 2582 2581 2583 2585 2584 2586 2588 2587 2589 2590 2586 2590 2589 2582 2586 2587 2589 2583 2580 2581 2580 2590 2582 2585 2583 2581 2577 2584 2579 2579 2584 2585 2572 2573 2578 2578 2573 2577 2574 2575 2571 2572 2574 2571 2576 2556 2554 2575 2576 2554 2555 2569 2567 2555 2556 2569 2565 2570 2568 2570 2567 2568 2591 2593 2592 2592 2594 2591 2595 2597 2596 2596 2598 2595 2599 2601 2600 2600 2602 2599 2603 2605 2604 2604 2606 2603 2607 2609 2608 2608 2610 2607 2611 2613 2612 2612 2614 2611 2615 2617 2616 2618 2620 2619 2617 2618 2619 2618 2617 2615 2621 2623 2622 2622 2624 2621 2625 2627 2626 2626 2628 2625 2629 2631 2630 2630 2632 2629 2633 2635 2634 2634 2636 2633 2637 2639 2638 2638 2640 2637 2641 2643 2642 2642 2644 2641 2645 2647 2646 2648 2645 2646 2646 2649 2648 2648 2649 2650 2651 2653 2652 2652 2654 2651 2655 2657 2656 2656 2658 2655 2659 2661 2660 2660 2662 2659 2663 2665 2664 2664 2666 2663 2667 2669 2668 2668 2670 2667 2671 2673 2672 2672 2674 2671 2675 2677 2676 2678 2680 2679 2677 2678 2679 2678 2677 2675 2681 2683 2682 2682 2684 2681 2685 2687 2686 2686 2688 2685 2689 2691 2690 2690 2692 2689 2693 2695 2694 2694 2696 2693 2697 2699 2698 2698 2700 2697 2701 2703 2702 2702 2704 2701 2705 2707 2706 2708 2710 2709 2707 2708 2709 2708 2707 2705</p>
        </triangles>
      </mesh>
    </geometry>
  </library_geometries>

  <library_visual_scenes>
    <visual_scene id="ID1">
      <node id="ID2">
        <instance_geometry url="#ID3">
          <bind_material>
            <technique_common>
              <instance_material symbol="ID9" target="#ID9"/>
            </technique_common>
          </bind_material>
        </instance_geometry>
      </node>
    </visual_scene>
  </library_visual_scenes>

  <scene>
    <instance_visual_scene url="#ID1"/>
  </scene>

  <library_nodes/>

</COLLADA>
